pagePath,exits
/blog/congratulations-cohort-e29-graduates/?fbclid=IwAR3Qzau4OoS1yosFst724p4-6WhKdspzXEHJglNEN8gJw8nA1pZP8YRTioM,1
/blog/9-websites-start-coding-journey/,171
/blog/codeclan-highlands-gets-a-space-in-wasps/?fbclid=IwAR2xlvT0lA7NSNc4ny0VQrUtMQARaVJzSCNHMZTEBpXye7um4eKsR8-yzvo,1
/courses/professional-software-development/cost-and-funding/?mc_cid=39d929350b&mc_eid=f6b4c1b8d7,4
/blog/new-funding-opens-up-careers-in-coding/?fbclid=IwAR0r-0PMmxOzJ-WlvBTmZS4Dcu1mdZkmJZNaDE7MeEP9Kk6ONdFVhoiYvHU,2
/blog/meet-our-graduates-alex-junior-software-developer/?mc_cid=39d929350b&mc_eid=[UNIQID,10
/blog/new-funding-opens-up-careers-in-coding/?fbclid=IwAR1q5_i8rkqT_1xHKibG2axgCfDWSan4dgZLGQvQ8Mb-Z9c3dmjvJnkUvbE,2
/courses/professional-software-development/cost-and-funding/?mc_cid=39d929350b&mc_eid=f6b4c1b8d7,4
/blog/2018-our-year-in-review/,171
/about-us/join-us/sales-and-marketing-operations-coordinator/,86
/courses/professional-software-development/?mc_cid=44e8a9ea68&mc_eid=2621b37782,2
/blog/scottish-companies-tech-gender-gap/,69
/?s=maria,1
/blog/how-i-discovered-code/?fbclid=IwAR258vd-4zhJGk7ylxj5fxb_p_y_8fzBCkkRt47R0ZD1OXZRSyVtgAS5wmg,2
/courses/full-stack-web-development/?fbclid=IwAR1oSVZhucGlFMC43D7I6uI9YSs-FhtS6bBdxh4nOCLLSmb8VCETZ1B1ZKI,2
/?p=16805&preview_id=16805&preview_nonce=5c47f3a41c&_thumbnail_id=16806&preview=true,1
/blog/make-most-of-github/?mc_cid=18a34d3af6&mc_eid=f159ff473e,1
/blog/happy-pride-month/?fbclid=IwAR3qXWyXwDridJ_-WleZiZ2tfUy1C1_BwsdsLiU0_ZT4tKTq3ctdXvk5O4E,1
/blog/codeclan-highlands-gets-a-space-in-wasps/?fbclid=IwAR21T5Vpoyow0D5OWj1rVYZI6U6og8mD7u0gosTsC7LDOC0t-lfpuyE0sEY,1
/about-us/join-us/?fbclid=IwAR2dl-3RjDu42Z_e_PQEjwtG-uu3HN9myepMTDSoWZ7GfS3Bwad__BVBhHU,1
/blog/experience-last-thing-need/,7
/courses/programming-with-r/,216
/about-us/join-us/technical-writer-for-data/?fbclid=IwAR17dB0vgjtVoGDof6bNNBQ5Khm8yAsW1kBs1fppHp_UzfNz-YRoPMqyCE0,1
/edinburgh/,733
/data-analysis-announcement/?fbclid=IwAR0U0z5NEhkcplhzZKTWIp-RLqVFjsME8shL798TW_HGwPAEDN_yNxd_8fQ,14
/blog/happy-pride-month/,30
/about-us/join-us/social-media-and-digital-marketing-specialist/?fbclid=IwAR0PtJjzIHAT3t-iPk89_b2X9OdzYHQJF8RJzOcHM33pAQoIrLqoljTvwEU,1
/?fbclid=IwAR2WEz83jlh0Lr0Y-RiQjV_xjD57CxgcaRnwyH5vqK2UYWfIfdVZ00mFJEc,1
/students/5,4
/blog/hire-a-developer-technical-interviews/,109
/blog/congratulations-cohort-e29-graduates/?fbclid=IwAR2aV2GeMa8cZPoSnfA23iUPhGJEIRrd6oihzduvHi0cPudgr74yX4RBSRI,22
/blog/how-i-discovered-code/,101
/blog/call-centre-advisor-developer/,7
/?page_id=18536&elementor-preview=18536&ver=1554465080,1
/for-employers/employer-case-studies/castlight-2/,27
/?elementor-preview=15&ver=1556867074,1
/blog/digital-development-loan/?fbclid=IwAR14mSY6DD3Dgp913fPoCqW80RFA0zyCFOUJkX-AZOs5GwslooBknMMRdKs,1
/blog/finding-your-feet-when-train-work-digital-alumni-advice/?fbclid=IwAR0mTcbdOv0Sno5r0LFsQ1KAiUqT70DF_xd8z9bzxu5LjR7fW9FsHnwcFwU,1
/blog/congratulations-cohort-e29-graduates/,128
/blog/codeclan-highlands-gets-a-space-in-wasps/?fbclid=IwAR2UxE51VNqMa9Flh3foKb_GHPi52s2Ngcm0og3OFQfZPosMczHEHyEtdpE,1
/blog/employers-andrew-lints-craneware/,1
/events/info-taster-session-events/?fbclid=IwAR2vVgPSNXA-Q35xEXlBKow-whX1OjvlL1af1EzMYVvIhi6XN9zTV1N1hY0,2
/blog/suzanne-qa-engineer/,8
/blog/new-funding-opens-up-careers-in-coding/?fbclid=IwAR3yB4peau9gePYJFW4JbM8VBmLJQzSQnwSQSQ85fWvEcbGgHDpiiA8i1o4,2
/blog/an-app-to-put-charity-shops-on-the-map/,95
/blog/category/industry/,2
/codeclan-store/light-blue-c-t-shirt/,7
/data-analysis-announcement/?mc_cid=b8adbaa012&mc_eid=914d03c5d9,3
/blog/no-tech-background-no-problem-8-career-changers-from-different-backgrounds/?mc_cid=93a9092e93&mc_eid=e8d4f00c1e,2
/?fbclid=IwAR2WEz83jlh0Lr0Y-RiQjV_xjD57CxgcaRnwyH5vqK2UYWfIfdVZ00mFJEc,1
/data-analysis-announcement/?mc_cid=b8adbaa012&mc_eid=01b96f9c31,2
/blog/codeclan-highlands-gets-a-space-in-wasps/?fbclid=IwAR1-cbbCoYYdAE2r4JAWmTDA3cGmgVCV1OhA23TyRGPTGAzCMF6OEalNImU,1
/blog/best-podcasts-.coders-programmers/,1
/about-us/join-us/careers-service-assistant/?fbclid=IwAR0-7g0JJWk_8YPSdgjDnLZiTaONmhBQZ_Sklyj5z9ZsSXOQHsJvpiytB8U,1
/codeclan-store/box-black-t-shirt/,2
/admissions-track-data/?elementor-preview=18536&ver=1554886417,1
/data-analysis-announcement/?mc_cid=b8adbaa012&mc_eid=01b96f9c31,2
/data-analysis-announcement/cost-and-funding/,221
/blog/meet-ally-software-development-instructor-at-codeclan/?fbclid=IwAR30fPtwEq96b8IIHCKNIxkOeHHGMeRbJqR3IwP0yBszwydtvDSpzL5U7Zg,1
/?fbclid=IwAR2Mbfj5zYIHvwJR8D8rqPf84UUKzGtSr8d4eRK3oMwWfF48blP9rhTWijY,1
/blog/partner-of-the-month-inoapps/,7
/events/info-taster-session-events/?mc_cid=0b5d0b7482&mc_eid=4f39d5fe14,2
/blog/leaving-oil-gas-for-a-career-in-tech-roberts-story/?fbclid=IwAR1TiNKaOJc6e7WR1IMXrRjkZf3md9vNlpTFThHGVOz6HRWjPD1Ettyj6Cs,1
/blog/congratulations-cohort-e29-graduates/?fbclid=IwAR0pCiPZRrGsPbM863V1ELl7FGnx5-_S-9EEyX2T-tJRKm9zQVQiOCpPxf8,1
/about-us/join-us/marketing-sales-assistant/?fbclid=IwAR2qiou1lPzWfYVL-Fiwy9NwkZ9jyzp5OEwr_eOxCC1CWTGeHvoV4UxbB4A,1
/blog/category/employers/,25
/courses/r-programming/?fbclid=IwAR0Fi08NtYbjJB_6TeMFRWxFdHOgYN_HizdGhUi3Ptl_zoA2JkyZWl3rwzs,2
/blog/meet-employers-andrew-lints-craneware/,9
/?s=elisopôr,1
/?fbclid=IwAR1Z5bUHObqzk0MGVA5hxF181OCjjjGgMOnor2LWJYZKgSFOTbK6V8omXnA,1
/about-us/join-us/business-and-finance-operations-administrator/?fbclid=IwAR1UB-n3yKSY06heaBzSQhmmZq49CGwH47eZBCtIhOSA6Npt1e2lhfTufkY,1
/blog/codeclan-highlands-gets-a-space-in-wasps/?fbclid=IwAR3LIjKXVeGQQM0jRb0ViY9mnOOC3qbjdyI1_tFZ46C2AbBijY-ovY8iMOo,1
/blog/an-app-to-put-charity-shops-on-the-map/?fbclid=IwAR0WbwxwNlPaP2QowCOIZIZ-R9ZGbMSzyTb7NEPrK3D6npwBr8h99prmY58,1
/blog/500-graduates-in-employment/?fbclid=IwAR0z2s91ZfaAR1HqGJMNKHUUQOEUElOirUF6b2pHvZZ_5OVjFN07VJM3QjY,1
/blog/500-graduates-in-employment/?hss_channel=tw-121933132,5
/about-us/join-us/marketing-content-executive/,16
/blog/codeclan-highlands-gets-a-space-in-wasps/?fbclid=IwAR0E8Jz0_PdeF33kHXmX6H2b3eQORpsN7FGi6XJn2MiNx5UDYO5fla09DA8,1
/blog/linda-scott-codeclan-cmo/?fbclid=IwAR2wrva37j1bbADFqFy806l70dNuF8J_ruknz3TzZecO-EFufsDTeR5hJrA,2
/blog/why-learn-coding/,180
/courses/full-stack-web-development/apply-inverness/course_application_hie_2,22
/courses/full-stack-web-development/apply-inverness/course_application_hie_1,2
/blog/claires-coding-journey-from-hobby-to-career/?mc_cid=04e78ebf46&mc_eid=4a0e35f844,1
/events/inverness-events/,168
/courses/full-stack-web-development/apply-inverness/course_application_hie_2,22
/blog/finding-creativity-through-code-meet-richard-product-manager-at-neu/?fbclid=IwAR2-_15IYO-RMf40x7aLfwDPgmS-6y3EgGzjC2BkQ8V8CaoTasekS4G95lw,1
/blog/page/2/,17
/blog/finding-creativity-through-code-meet-richard-product-manager-at-neu/?mc_cid=39d929350b&mc_eid=c844305ffb,1
/blog/meet-our-graduates-daniel-at-dog/,237
/admissions-track/?elementor-preview=14841&ver=1558694366,1
/courses/professional-software-development/cost-and-funding/?mc_cid=39d929350b&mc_eid=7c9d1b95d2,2
/blog/an-app-to-put-charity-shops-on-the-map/?fbclid=IwAR2jcwfsxyJ7zef3dJG3519f__U9lWs3SCIpyMGrZN7WRYs9xV-EL0Mbrzk,1
/codeclan-store/ultra-thick-navy-blue-hoodie/,16
/blog/leaving-oil-gas-for-a-career-in-tech-roberts-story/?fbclid=IwAR3L_KNfC9rzjLWOYzqMTGRsyfdGlea4fYQNlIgH8YqMd8gbeZGAkdNxsxU,1
/blog/celebrate-joint-graduation/,12
/blog/5-reasons-edinburgh-best-place-live-uk/,55
/?fbclid=IwAR3EBrCpAUD85yWuhUVA1Fbiy1qUKDPB6cSuNsQpOppf_wN-3vNqDssNLso,1
/blog/scottish-companies-tech-gender-gap/,64
/blog/getting-job-in-tech-tips/?fbclid=IwAR2gc_eXHE-tMZalCtpEjYQZGpxUgIEYAvR3e5awcy2-2X0TB8l-mKMKZMA,1
/blog/leaving-oil-gas-for-a-career-in-tech-roberts-story/?fbclid=IwAR3L_KNfC9rzjLWOYzqMTGRsyfdGlea4fYQNlIgH8YqMd8gbeZGAkdNxsxU,1
/blog/understanding-understanding/,8
/?fbclid=IwAR2nFmOt9IVuvujZtGSu2Cjz2xNoQaizWaL2ZccF54YYz87C-ge1T4Vpsis,1
/blog/codeclan-highlands-gets-a-space-in-wasps/,189
/about-us/our-team/?elementor-preview=61&ver=1556269640,1
/about-us/join-us/?fbclid=IwAR1Iuoocy0B0Ma08n6PQ0e_O2iov779L6sy_Cn5J9lr1y-MNV4uA6yKD2Yw,1
/blog/linda-scott-codeclan-cmo/,32
/blog/category/learning-to-code/page/3/,3
/blog/codeclan-students-changed-career/,24
/about-us/become-a-data-instructor/?elementor-preview=20098&ver=1566546594,1
/courses/r-programming/?fbclid=IwAR1jeLo9Dzrn_Vw4xK3IKGEIx7bXZ_-O41BlfA9ksF6N4g4ymd-8VDqXlYY,4
/students/5,4
/blog/an-app-to-put-charity-shops-on-the-map/?fbclid=IwAR1B5lSCirNTwX-fnooavvPt24Yiv-FrC5LJqOsJCA44g0QTyl5CfM1He0c,1
/about-us/join-us/?fbclid=IwAR1poiWzkqGCHY9fzL6C6Eoxi8CN49C8Zu4a5rjlLJ1FTZFSdEg5jw3p6C4,1
/events/inverness-events/?mc_cid=4f230ab388&mc_eid=e5e2062d56,2
/data-analysis-announcement/,3083
/about-us/become-an-instructor/,334
/blog/500-graduates-in-employment/?fbclid=IwAR13tbjSn6FUWY52UwcNcF3KO9Cxn9g13i2aa8jAb0SdWMkyQO9aInoqMRQ,1
/data-analysis-announcement/?mc_cid=b8adbaa012&mc_eid=01b96f9c31,2
/students/5,4
/blog/no-tech-background-no-problem-8-career-changers-from-different-backgrounds/?mc_cid=93a9092e93&mc_eid=ef023fed81,8
/?fbclid=IwAR395maW0R267zYlGg-PwGMx3xi1LUcClntGmQCPIzu8YmADPEO86K7RPpo,1
/courses/edaid-apply/?mc_cid=fd09f18f12&mc_eid=c39e345940,2
/blog/meet-ally-software-development-instructor-at-codeclan/?fbclid=IwAR0fMzzZs541LaJYOcrBrPX75NMrfbBdIkrwVky-oI-BkGwXar0JTf65wfY,1
/Edinburgh/,95
/about-us/become-an-instructor/part-time-teaching/,153
/blog/codeclan-highlands-gets-a-space-in-wasps/?fbclid=IwAR2FNr4FRE9HWh9YWpI37dm0kRkz3O_zHDbbFGlgOrWXrhVNKaEmYfETn2Q,1
/about-us/become-an-instructor/?fbclid=IwAR11eYk6-jzdhsIi2cvB3PJuGGao6ixGXsD_xB8cKMJsWKt7g1FQiYUwuvU,1
/blog/student-codeclan-expect-prepare/,35
/events/inverness-events/?mc_cid=4f230ab388&mc_eid=5d6a0d6524,4
/blog/tech-start-up-award/,9
/blog/codebar-edinburgh-second-anniversary/,21
/about-us/become-an-instructor/part-time-teaching/?fbclid=IwAR1JuFCadkq1SXEF2RURRouvVNR0t9-W_bxRslzziFi-bo_ZXHRRyHo_FrA,1
/?s=elisopôr,1
/blog/graduate-kate-developer-cultivate/,30
/blog/national-coding-week-2018/,25
/?fbclid=IwAR2GSmpNdXc6qBmCul_d1uHJw2Lq1rBXr_1WCwtZHs7sWojIOMGM5YVzrx4,1
/blog/new-funding-opens-up-careers-in-coding/?fbclid=IwAR0r-0PMmxOzJ-WlvBTmZS4Dcu1mdZkmJZNaDE7MeEP9Kk6ONdFVhoiYvHU,2
/blog/new-funding-opens-up-careers-in-coding/?fbclid=IwAR2yZo0-wJedUjG6zgmQk12xUj-NMOX-7TcEOZ4VvR1yZ2ujELXZyeuLhaA,2
/the-codeclan-experience/a-typical-day/,633
/digital-careers/support-engineer/,34
/blog/peter-support-engineer-freeagent/,88
/blog/call-centre-advisor-developer/,7
/blog/ceo-scottish-tech-startup-awards/,9
/?p=19898&preview=true,2
/blog/claires-coding-journey-from-hobby-to-career/?mc_cid=04e78ebf46&mc_eid=f54fb06d25,2
/?s=maria,1
/about-us/join-us/technical-writer-for-data/?fbclid=IwAR0zUUHZljJURUsw2Qzl01PQavxuqad_hZcLVxHEdPrE_2LEAvwUE0T5mG0,1
/blog/day-life-web-developer/,190
/?fbclid=IwAR38OT7WJDjA0mkzpa0zRZx0krOOFVPWLwjtnX2yBWrF49LiAMu7XO8vf4k,14
/blog/finding-creativity-through-code-meet-richard-product-manager-at-neu/?fbclid=IwAR3H62WMaA7g4LWqyFK9JGq01017F5jCh5qNsHTTp_SCFI8umUkB_NX1pfI,1
/store,2
/blog/linda-scott-codeclan-cmo/?fbclid=IwAR0nOMUPJMDvLod3cq5-a-mzq5_jkKVkLvbaVUz0m_zLXGT9tnfDJXF1OhI,1
/blog/9-websites-start-coding-journey/?mc_cid=6eb5122af8&mc_eid=3aec972120,1
/blog/9-websites-start-coding-journey/?mc_cid=6eb5122af8&mc_eid=62ef5dbe97,2
/blog/meet-ally-software-development-instructor-at-codeclan/?fbclid=IwAR06dWpwgh_rS3MwvjNwxlK7sXUOCKqLFZA2l5qWJ83A4KlwNTWoX79G5Wc,1
/blog/make-most-of-github/,101
/blog/getting-job-in-tech-tips/?fbclid=IwAR0HhawgHLpDQgXBPcpDbT6M3FL2sITM2JAsM2NciZr0E9lJx3ZzGtQDND0,1
/courses/?fbclid=IwAR3X15zgOeqcY9gjm1hvsI1P_h4mjb58yE9ASO8Nrhp_bG4IYJspAdJRmQE,2
/blog/meet-our-graduates-daniel-at-dog/?mc_cid=0b5d0b7482&mc_eid=40cd932ff0,2
/blog/finding-creativity-through-code-meet-richard-product-manager-at-neu/?mc_cid=39d929350b&mc_eid=9f6afb26b0,1
/blog/overcoming-your-interview-fears/,37
/?fbclid=IwAR2lfJ9_-d1dZ52z6wQNgwNkjqxGILZ9-CAYezg2tdsaVfhG4LmWkTzS8Hw,1
/blog/tag/funding/,5
/courses/professional-software-development/?fbclid=IwAR14LEaGZBbfX5aKVlxcGOyGOevUMfaP7OqOQSoIgkG6m1gJCm4uMDWx2KE,2
/courses/professional-software-development/cost-and-funding/?mc_cid=39d929350b&mc_eid=f8e82b62a6,2
/blog/codeclan-highlands-gets-a-space-in-wasps/?fbclid=IwAR21T5Vpoyow0D5OWj1rVYZI6U6og8mD7u0gosTsC7LDOC0t-lfpuyE0sEY,1
/blog/category/industry/,2
/blog/meet-our-graduates-alex-junior-software-developer/?mc_cid=39d929350b&mc_eid=900e987512,2
/about-us/join-us/careers-service-assistant/?fbclid=IwAR1FOuTYwwI15Mk5_RgENVip4AI04EPVo3ShVybbu3KmT5QgpsEBHWKxuos,3
/blog/melindas-memo-july-2019/?mc_cid=2fb4f83e69&mc_eid=d9bfec8eaa,2
/blog/tag/partners/,6
/?fbclid=IwAR3ULH_q8yIl_xr505IMLwI2yik_K4dSjuOFPYU7jU3AA-tWKlCTUbit9Fg,1
/about-us/join-us/technical-writer-for-data/?fbclid=IwAR1GyT-2PktX-n2kd1jvdh2QVDC8l_tpbzce0uV5_Dc8xGGpZ4MCcaHmb14,1
/blog/celebrate-joint-graduation/,12
/?fbclid=IwAR0BJTj1BzxTyIkAVTAajCpUyS9b1Y4Mz6s_Ob_WQeTQRvbgBQXMAONQ1l0,1
/blog/9-websites-start-coding-journey/?mc_cid=6eb5122af8&mc_eid=4eae11a7d7,1
/courses/browse-all-course-dates/,1088
/blog/page/7/,6
/blog/meet-colin-instructor-at-codeclan/?fbclid=IwAR2MTk68iSqqdxZI7CefiIiHSI-7hrm4KAr3_iUJ_sLAZkFK6YxkKHZ2CIA,1
/blog/congratulations-cohort-e29-graduates/?fbclid=IwAR08vS1hgNihJj2xuKDydoQdhNOIj2y5HTAHuURAAxR_zd-Zgy5m57FAlYo,1
/blog/author/rick/,1
/digital-careers/ux-consultant/,27
/blog/graduate-chris-android-developer/?fbclid=IwAR2gd7ufwrfMfvJUXwW27b7d8WzJHKX933GlmY2lnEN8FWlaet0b1nXFt3Q,1
/blog/leaving-oil-gas-for-a-career-in-tech-roberts-story/?fbclid=IwAR1Q5ccT6JPxrsQAd8ugV7FQYFoe6AWaOq5iE8NHbMYJIYkAUxDcNLBCGbA,1
/about-us/become-an-instructor/?fbclid=IwAR0-Lxb01Sj0c6brHL11GXRk7YkObavVyHCu064NcLCe5z5KillV4aKS6CY,2
/for-employers/community-outreach/,105
/courses/data-carpentry/,203
/about-us/join-us/careers-service-assistant/?fbclid=IwAR2KqqRhRID062viF5bTXA8h-okrlohSxE-I7W8Xil9EqdBkWk6ZxXBLofY,1
/blog/stress-awareness-month/,22
/blog/how-i-discovered-code/?fbclid=IwAR00GMD-FwxMFP4NDXhDWRxuIGKbMTHmLtoYnRHGiudIYX4vlgYilrjxfhI,1
/blog/apply-immersive-programming-course/,91
/about-us/become-an-instructor/?fbclid=IwAR3DH1wZzyaXYPEHiLmBTYUzZTjwc9LrMcL8w-AXsI7iJIKdrnc0IOvMq2I,1
/blog/whats-on-at-codeclan-this-april/,16
/blog/graduate-milestone-diversity/?mc_cid=387296b2e8&mc_eid=db857d121d,22
/blog/congratulations-cohort-e29-graduates/?fbclid=IwAR1TOXOmKznAiOvU8L59hX28B0rMIc4IphIX799ncLh5N0CiSTZ2BdxI7GM,1
/about-us/join-us/social-media-and-digital-marketing-specialist/?fbclid=IwAR3xaCp5FBCj2VcFS_jei9JgNYJCWS_W7mMTtDaeu-npXc6o8lwiMitMUcs,1
/blog/leaving-oil-gas-for-a-career-in-tech-roberts-story/?fbclid=IwAR1ArsW3c8X6K2tOpxXQ4GRZjl2dPFMxIRw20oPYvPA3tKcn0mb8cA9G-QQ,1
/blog/how-i-discovered-code/?fbclid=IwAR00GMD-FwxMFP4NDXhDWRxuIGKbMTHmLtoYnRHGiudIYX4vlgYilrjxfhI,1
/blog/codeclan-highlands-gets-a-space-in-wasps/?fbclid=IwAR21T5Vpoyow0D5OWj1rVYZI6U6og8mD7u0gosTsC7LDOC0t-lfpuyE0sEY,1
/courses/professional-software-development/?mc_cid=fd09f18f12&mc_eid=900e987512,2
/about-us/join-us/technical-writer-for-data/?fbclid=IwAR0ruPk5zaeh90fc4ZFw13k3iVhT1QQh3ne0DNDf8kzFDXRyKGMURPR87FU,1
/blog/getting-job-in-tech-tips/?fbclid=IwAR3z9AUq1YhLQD6GTXyFN-E7Du2l8nP55vExGhfGbBJ8FaWW1YufGgVRURA,1
/blog/towards-a-diverse-tech-industry-meet-vicky-junior-software-developer/?fbclid=IwAR3sT50wdoInddbL3mDAI-tzNeq0gzjHd_-6NhxzOsdOoEClpE0_Cl9wEZs,2
/site-map/,39
/blog/meet-our-graduates-alex-junior-software-developer/?fbclid=IwAR0_uqrRNQwi9lCDvcWLifCn7UdVC72CCNi-3FVYe0YNX_Yzpi6dCDFeM7g,1
/?fbclid=IwAR2lVZP00nO_g7HuQxccEEiwWfAEjEqVP4avn8pmSDQ4X7Re2EN5_PRxcAs,1
/?fbclid=IwAR1PDLw_MSNbi6HVPFmw9HezZen5MbCCSDxq9ZHZUpKRq5k7hneWfKRsgvw,1
/blog/call-centre-advisor-developer/?mc_cid=ce1cfe5da7&mc_eid=24346a2168,1
/events/glasgow/,350
/blog/9-websites-start-coding-journey/?mc_cid=6eb5122af8&mc_eid=3aec972120,1
/blog/melindas-memo-june-2019/,9
/about-us/become-an-instructor/?fbclid=IwAR0-Lxb01Sj0c6brHL11GXRk7YkObavVyHCu064NcLCe5z5KillV4aKS6CY,2
/about-us/join-us/business-and-finance-operations-administrator/,46
/blog/leaving-oil-gas-for-a-career-in-tech-roberts-story/?fbclid=IwAR2E1a7tgXRlLn3dszjdeskc2VI3tDkW3HiG-HhVQSuLWbLnbjjnFvSi6A4,4
/blog/new-funding-opens-up-careers-in-coding/?fbclid=IwAR0ny6W8MRUxs2C9ApF6fY7SS18lDGwr1A2mS7ksBtF8dmNCwp0pclz3Ino,6
/blog/meet-ally-software-development-instructor-at-codeclan/,105
/inverness/?mc_cid=4f230ab388&mc_eid=782d250c92,5
/?fbclid=IwAR2bD5U38MwHrYDfNkx2APx0LSXHTF1TTC_B8AvStSreS2WXDiOzFPzj_Hg,1
/blog/meet-our-graduates-daniel-at-dog/?mc_cid=0b5d0b7482&mc_eid=39a0cc0ee0,2
/blog/meet-our-graduates-daniel-at-dog/?mc_cid=0b5d0b7482&mc_eid=9011f56e5c,3
/?p=20427&preview=true,1
/courses/statistical-modelling/,169
/blog/codeclan-highlands-gets-a-space-in-wasps/,201
/blog/call-centre-advisor-developer/,7
/blog/codeclan-data-analysis-course-diary-001/?fbclid=IwAR02u6_TbgLXmjG49EuXlalSELZMBIriUXeao-aZWH9Qpy6jThWqtuWkHGY,3
/about-us/join-us/technical-writer-for-data/?fbclid=IwAR15R1NZcq5JzjqH6A4lSakcR_sN9N0b4qgBOFs-ZHcSpvgRudArmg5_D5s,1
/courses/full-stack-web-development/?fbclid=IwAR1oSVZhucGlFMC43D7I6uI9YSs-FhtS6bBdxh4nOCLLSmb8VCETZ1B1ZKI,2
/digital-careers/product-owner/,95
/blog/finding-your-feet-when-train-work-digital-alumni-advice/?fbclid=IwAR0jdhj4nLOMiAuEEZM8HeJPGOk5e5immHE9uZa0WDNt4LuPOINGupfEAlg,1
/blog/meet-our-graduates-tom-software-developer-inoapps/,17
/blog/leaving-oil-gas-for-a-career-in-tech-roberts-story/?fbclid=IwAR1s8e0_e-BfFjZdzUqEUG5uWh1tgJTq8_95YADB-RSU2I1Smmuc0vKwoew,1
/blog/new-funding-opens-up-careers-in-coding/?fbclid=IwAR0r-0PMmxOzJ-WlvBTmZS4Dcu1mdZkmJZNaDE7MeEP9Kk6ONdFVhoiYvHU,2
/about-us/join-us/social-media-and-digital-marketing-specialist/?fbclid=IwAR0PtJjzIHAT3t-iPk89_b2X9OdzYHQJF8RJzOcHM33pAQoIrLqoljTvwEU,1
/blog/retrain-as-a-data-analyst/,51
/blog/whats-on-at-codeclan-this-march/,45
/blog/finding-creativity-through-code-meet-richard-product-manager-at-neu/?fbclid=IwAR3gELz52sAcTgla8uCKHkgIzpQOsZtgSqt4WBaw7qRiUHs1jBFAP9lZNrA,1
/?fbclid=IwAR2bD5U38MwHrYDfNkx2APx0LSXHTF1TTC_B8AvStSreS2WXDiOzFPzj_Hg,1
/?elementor_library=course-form&elementor-preview=7926&ver=1554912512,1
/about-us/join-us/marketing-sales-assistant/?fbclid=IwAR1WNycJi8ahupqQF-sR633Abp4ZhvPPP4mwMMaCYWP23FMBowVXecZI_FU,1
/?p=18554&preview_id=18554&preview_nonce=3d60615e19&_thumbnail_id=18556&preview=true,1
/blog/codeclan-students-natasha-glasgow/,14
/alumni-refer-a-friend/,25
/blog/kates-project-diary-an-android-food-tracking-app/,14
/blog/meet-our-grads-alex-self-published-game-developer/?fbclid=IwAR07rgNVULBjc7ERAq_px5Qr_tg6GvcDFdiBi02jvVlNbgOMk48Nh6ZaqcM,1
/blog/linda-scott-codeclan-cmo/,30
/blog/an-app-to-put-charity-shops-on-the-map/?fbclid=IwAR36bPqpsWAzMmqCGN63zVSfjQJArj6olO_iPc1o7KHbnRDVHvB2XsSIYjo,1
/courses/understanding-programming/,1139
/blog/codeclan-glasgow-clockwise/,39
/blog/glasgow-coding-bootcamp-career/,52
/blog/no-tech-background-no-problem-8-career-changers-from-different-backgrounds/?mc_cid=93a9092e93&mc_eid=14a46ff3e4,9
/about-us/join-us/student-admissions-officer/?elementor-preview=16340&ver=1554909758,1
/blog/user-experience-product-design/,6
/blog/claires-coding-journey-from-hobby-to-career/?fbclid=IwAR2hYMyhZfbLnPeKkOn01day9qS5thWVGkjRoBHKKeGpO4BAJSTMjGYxWPQ,1
/blog/category/employers/,24
/courses/professional-software-development/?mc_cid=fd09f18f12&mc_eid=900e987512,2
/courses/full-stack-web-development/apply-inverness/course_application_hie_1,2
/about-us/join-us/careers-service-assistant/?fbclid=IwAR2UFf1ZuwdU2V9APagQDEBaR-197PSfnsiBQH3UeOM0vTDnRbFZNoC3q5E,1
/blog/codebar-edinburgh-second-anniversary/?fbclid=IwAR1QYKctUGngf0CovEjSYEp9zt1VnoTc7F72ARlbqDxEYfkOLTZhSTb3pQo,1
/data-analysis-announcement/?mc_cid=b8adbaa012&mc_eid=01b96f9c31,2
/blog/good-news-for-the-next-gen-of-digital-as-grants-awarded-by-digital-xtra-fund/?fbclid=IwAR0MfSAERROWfFbXRAtRlyuNZM1QsnMO1qkuqOwiy-n-kmya1TAWtPfFP10,1
/blog/what-is-javascript-and-why-learn-it/,13
/?p=21295&preview=true&_thumbnail_id=20735,1
/courses/professional-software-development/cost-and-funding/?mc_cid=39d929350b&mc_eid=a8ca03013c,2
/digital-careers/product-owner/?fbclid=IwAR0c6e6efgAMT0XDA2HeE5tQlShFZANjtrPgjbFpa484uw3QAie_hgTUFqQ,2
/about-us/join-us/?fbclid=IwAR1poiWzkqGCHY9fzL6C6Eoxi8CN49C8Zu4a5rjlLJ1FTZFSdEg5jw3p6C4,1
/courses/professional-software-development/?fbclid=IwAR14LEaGZBbfX5aKVlxcGOyGOevUMfaP7OqOQSoIgkG6m1gJCm4uMDWx2KE,2
/data-analysis-announcement/apply-for-data-analysis/data_analysis_application_0,2
/blog/getting-job-in-tech-tips/?fbclid=IwAR3xwTj8DqfHdF4QvnVUIogjEI2fF42_0HOfQm1dCKlEGRsFGKQhrIZlmnQ,1
/blog/celebrate-joint-graduation/,12
/blog/2018-our-year-in-review/?mc_cid=e224d7b9d2&mc_eid=[UNIQID],7
/blog/codebar-edinburgh-second-anniversary/?fbclid=IwAR16jH-KJqf3QKgdaykR2pQaSdDpsxtYRtpdEl2IE2JlFcQx6XsQFJbckSk,11
/blog/category/whats-happening-at-codeclan/,5
/?fbclid=IwAR0BJTj1BzxTyIkAVTAajCpUyS9b1Y4Mz6s_Ob_WQeTQRvbgBQXMAONQ1l0,1
/about-us/join-us/?fbclid=IwAR2MNp4KtQeO1Ysd7BLKz3fcqVJHtdRYtqnzjjwjPQu3rL_r8CZSLwOUY84,1
/scotland/,10
/inverness/?mc_cid=4f230ab388&mc_eid=67279205d4,2
/blog/finding-creativity-through-code-meet-richard-product-manager-at-neu/?mc_cid=39d929350b&mc_eid=06e2c93ebf,1
/inverness/?mc_cid=4f230ab388&mc_eid=c31c686ba6,2
/blog/claires-coding-journey-from-hobby-to-career/,280
/courses/professional-software-development/?fbclid=IwAR14LEaGZBbfX5aKVlxcGOyGOevUMfaP7OqOQSoIgkG6m1gJCm4uMDWx2KE,2
/courses/professional-software-development/apply/?mc_cid=2371f5b213&mc_eid=8f7c00e9ce,4
/blog/no-tech-background-no-problem-8-career-changers-from-different-backgrounds/?mc_cid=93a9092e93&mc_eid=e8d4f00c1e,2
/courses/statistical-modelling/,171
/become-an-instructor/,2
/blog/melindas-memo-june-2019/,9
/about-us/become-a-data-instructor/,86
/about-us/join-us/careers-service-assistant/?fbclid=IwAR0K8qi1qVoRCYMc3H8qdDX3_CtxcB36su4eAkxd9LnO_jS02JfwD3g2Cm4,1
/blog/leaving-oil-gas-for-a-career-in-tech-roberts-story/?fbclid=IwAR1QNK1Uz9_E4evZ8S2PobvZcThqK5Zq6wiFRAe6dawraKiOPRvWBjqDNI8,1
/?fbclid=IwAR1MzyojDdDujWxQEAPePiyI1XkCKIV7M_b-YYRGm75Sb8xkZxlm5xWfnTY,1
/courses/r-programming/?fbclid=IwAR2dpbbcBeS7MsO4WyEa8Wtu9Wl6Z_AoxLQYXs78Bn4iwuu8hYL0yWWScuc,2
/courses/professional-software-development/application-and-dates/,1253
/blog/no-tech-background-no-problem-8-career-changers-from-different-backgrounds/?mc_cid=93a9092e93&mc_eid=3ce862ed09,2
/courses/professional-software-development/cost-and-funding/?mc_cid=39d929350b&mc_eid=a8ca03013c,2
/tech-boom/,930
/?fbclid=IwAR3YbeEbV6G3b-PUNdE2WgOGNGTHRk2oFpqkxE143RfIoeaS8VT8HpHwnnI,1
/blog/9-websites-start-coding-journey/?mc_cid=6eb5122af8&mc_eid=4f39d5fe14,1
/?fbclid=IwAR158gdbc9a5PBT--xj7J4CGNxSXw6y6TGialCtMyqsZzLG1K_Uh25ZWUNc,1
/?fbclid=IwAR2a79tuTUqLYHGxLErFSaYSmASQCmDPy6fMl3hKNtVPkfDCQI6eau4UNdA,1
/blog/claires-ruby-project-cycle-ride-logging-application/,14
/blog/author/jonathan/page/2/,1
/data-analysis-announcement/?mc_cid=b8adbaa012&mc_eid=9c0d520937,4
/blog/good-news-for-the-next-gen-of-digital-as-grants-awarded-by-digital-xtra-fund/?fbclid=IwAR2HDv89oLpo9wNV89ksGFb4MYoq6_vNS4o-SpQXJvVS6snmcppKyhdaAK0,1
/events/inverness-events/?mc_cid=4f230ab388&mc_eid=e5e2062d56,2
/events/info-taster-session-events/?mc_cid=93a9092e93&mc_eid=1b73b344b8,3
/blog/codeclan-highlands-gets-a-space-in-wasps/?fbclid=IwAR2xlvT0lA7NSNc4ny0VQrUtMQARaVJzSCNHMZTEBpXye7um4eKsR8-yzvo,1
/about-us/join-us/careers-service-assistant/?fbclid=IwAR2UFf1ZuwdU2V9APagQDEBaR-197PSfnsiBQH3UeOM0vTDnRbFZNoC3q5E,1
/blog/codeclan-data-analysis-course-diary-001/?fbclid=IwAR3TToulbxRt3Glgq5E_dAPvuQ7SDmkjkpC_DqqcvVo4q9BIt6ieFEZk1Us,1
/blog/meet-our-graduates-daniel-at-dog/?mc_cid=0b5d0b7482&mc_eid=39a0cc0ee0,2
/digital-careers/test-engineer/,69
/about-us/become-an-instructor/?fbclid=IwAR3S2-FzJFFzbHNzrYHC0rKwqicLMvsFEcXNgjFFRicsX5XSiGIlCYS4qHk,1
/?s=E29,1
/blog/meet-our-graduates-alex-junior-software-developer/?fbclid=IwAR0mB3VJEHNjjq1-XYV7wKS3bCAZjSjKEjgmTiWGAS87LFlWq24HHqsTYJ4,1
/data-analysis-announcement/cost-and-funding/?mc_cid=fd09f18f12&mc_eid=9eb1bc07fb,2
/courses/full-stack-web-development/apply-inverness/course_application_hie_2,22
/about-us/become-an-instructor/?fbclid=IwAR16M2yB3ByEz8JM4WIm5xdVJJMvUjpAnlJF8L6dsJf8O7DXbgRMvHD1CZ0,1
/blog/meet-our-graduates-daniel-at-dog/?mc_cid=0b5d0b7482&mc_eid=c2435237f9,2
/blog/claires-coding-journey-from-hobby-to-career/?mc_cid=04e78ebf46&mc_eid=4a0e35f844,1
/courses/edaid-apply/?mc_cid=fd09f18f12&mc_eid=34f10ac59c,2
/about-us/join-us/careers-service-assistant/?fbclid=IwAR2xbjXO6viIKf_heGjKZ9ZqtQs574o4_0yw1HqX2d8IbxUOyCuFVoX6f2M,1
/blog/scottish-government-hiring/,10
/blog/how-i-discovered-code/?fbclid=IwAR2qyq9LszRRK9p-cgjpTgRVd1785zETVeTsm5f5naqsiB4b1Yjqsq3z1K4,1
/courses/,3083
/?fbclid=IwAR1Ud3AjTV0RRUh5CHTfR06LirUQ4CYBQwkUxg2346m-KOgYufvEvCbh-xA,1
/blog/call-centre-advisor-developer/?mc_cid=ce1cfe5da7&mc_eid=24346a2168,1
/blog/instructing-codeclan-johns-story/,5
/blog/claires-coding-journey-from-hobby-to-career/?fbclid=IwAR3Mdn7um2l8aUGBlSCT-SoLvoSjJxbO_-cDz1ZhCWdz-JOPxogoFshizsk,1
/codeclan-store/white-pullover-hoodie/,5
/courses/professional-software-development/cost-and-funding/?mc_cid=2371f5b213&mc_eid=5d047dabdb,2
/courses/professional-software-development/?mc_cid=fd09f18f12&mc_eid=e6887b462d,2
/blog/how-i-discovered-code/?fbclid=IwAR258vd-4zhJGk7ylxj5fxb_p_y_8fzBCkkRt47R0ZD1OXZRSyVtgAS5wmg,2
/blog/2018-our-year-in-review/?mc_cid=e224d7b9d2&mc_eid=[UNIQID],7
/?s=E29,1
/blog/data-analysis-course-glasgow-launch/,29
/courses/professional-software-development/cost-and-funding/?mc_cid=fd09f18f12&mc_eid=8695592313,2
/blog/an-app-to-put-charity-shops-on-the-map/?fbclid=IwAR0b5TuLYHIvy4OJ-TSnxEIBs-q8KwvoJsgmugOcGxb2fd6BT2tRLckpa3g,1
/blog/no-tech-background-no-problem-8-career-changers-from-different-backgrounds/,103
/digital-careers/software-developer/,148
/about-us/join-us/sales-and-marketing-operations-coordinator/,91
/blog/tag/graduation/,2
/?fbclid=IwAR1sJUlFD-J8r6TUWNeTddFgWAgiPldbR-bMxlJuC3YtF6hpHHdC9kvZotk,1
/admissions-track/?fbclid=IwAR1R8f7Vj4skZzy0urTyqXUiqpFdm4Vbaxfo0SDn_Qrrht2QH9SFDTbukGI,1
/blog/graham-glasgow-cohort-2/,1
/admissions-track-data/?elementor-preview=18536&ver=1554906058,1
/blog/data-science-r-programming/?fbclid=IwAR3uZUcJp55auTDu1kBS2_CfJVY_t4M9-4MDopmByUtwjd1PIJ1L08lJcaI,1
/courses/visualisation-r/,101
/courses/professional-software-development/?mc_cid=2371f5b213&mc_eid=8e990c5a80,3
/blog/codeclan-data-analysis-course-diary-001/?fbclid=IwAR24lLArlH-mY30Fz3qO0cFJ1TdSGzF3NH7E1nIVgjzq7J3YP7h9sPf1PS8,2
/blog/battled-pokemon-project/,22
/blog/employers-andrew-lints-craneware/,1
/blog/author/lillian/page/2/,1
/blog/congratulations-cohort-e29-graduates/?fbclid=IwAR0RgkeDmALFfOWBUprpxgTCeeoeirQlyMQBd0v8elbhzMiuGdLCDs9YJHw,1
/?s=E29,1
/blog/call-centre-advisor-developer/,7
/blog/500-graduates-in-employment/?fbclid=IwAR0z2s91ZfaAR1HqGJMNKHUUQOEUElOirUF6b2pHvZZ_5OVjFN07VJM3QjY,1
/admissions-track/?fbclid=IwAR1R8f7Vj4skZzy0urTyqXUiqpFdm4Vbaxfo0SDn_Qrrht2QH9SFDTbukGI,1
/?p=16805&preview_id=16805&preview_nonce=5c47f3a41c&_thumbnail_id=16806&preview=true,1
/blog/an-app-to-put-charity-shops-on-the-map/?fbclid=IwAR0b5TuLYHIvy4OJ-TSnxEIBs-q8KwvoJsgmugOcGxb2fd6BT2tRLckpa3g,1
/blog/meet-our-grads-alex-self-published-game-developer/?fbclid=IwAR0nvmynSjpsAVueip2CkroVRX1eAjRZLwqnCFtK9MC9pMhRRsPX25B4HZo,1
/blog/digital-development-loan/,127
/courses/professional-software-development/cost-and-funding/?mc_cid=39d929350b&mc_eid=e9d7a714de,3
/blog/finding-creativity-through-code-meet-richard-product-manager-at-neu/?fbclid=IwAR3Klv5yPWJs0ZzeoiJpafD9BtV7AuZbMx9RAveO8DAogg-0rpA51ryUENI,1
/about-us/join-us/social-media-and-digital-marketing-specialist/?fbclid=IwAR0cc_qnWsoDN7qpbD2R0r5hXK6JBxLuhRAc5N9aMoFq7EMcxPDP6aPjiDc,1
/about-us/join-us/training-advisor/,26
/blog/page/4/,10
/for-employers/client-xperience/,219
/events/other-events/,334
/blog/congratulations-cohort-e29-graduates/?fbclid=IwAR31nwZqv61fm-SiOFNOG1QnV2VedrGabbeSaz_3uC2161M5ou8wS-Iyfg8,1
/courses/professional-software-development/?mc_cid=fd09f18f12&mc_eid=019a1fdd2a,2
/blog/9-websites-start-coding-journey/?mc_cid=6eb5122af8&mc_eid=552f916668,1
/blog/built-after-five-weeks-learning-code/,10
/blog/an-app-to-put-charity-shops-on-the-map/?fbclid=IwAR1lv9yup25sMA-SA7YYlwIJGIgJx6bjRUqq6dnNyISqCT4oghEuknZdqcU,2
/blog/category/whats-new/,32
/courses/understanding-programming/,1139
/events/inverness-events/?mc_cid=4f230ab388&mc_eid=205d40a9b4,2
/blog/fiona-adam-talk-ux-human-choices-bad-websites/,5
/blog/getting-job-in-tech-tips/?fbclid=IwAR0FC3iJThQlV-nIqsTHKGDyBUEVgMgn_j0-u9msoZKKPEAqClXH78HajxI,1
/?fbclid=IwAR3dk2RyEV4MoEdUfrevdi4aBFaF8eWYkthrg8t_kNgzJWs61r1YqiHBrUY,1
/blog/students-prototyped-online-dashboard-sustainability-consultancy/,15
/blog/claires-coding-journey-from-hobby-to-career/?mc_cid=04e78ebf46&mc_eid=bdc4925a3d,2
/blog/an-app-to-put-charity-shops-on-the-map/?fbclid=IwAR36bPqpsWAzMmqCGN63zVSfjQJArj6olO_iPc1o7KHbnRDVHvB2XsSIYjo,1
/blog/leaving-oil-gas-for-a-career-in-tech-roberts-story/,189
/blog/congratulations-cohort-e29-graduates/?fbclid=IwAR0SBpsk2WqvI-OWFU0rW7Vz6EBZzBg0gRtBWkJ1dk4MQ3Q2cCCaYln4oFk,1
/?fbclid=IwAR158gdbc9a5PBT--xj7J4CGNxSXw6y6TGialCtMyqsZzLG1K_Uh25ZWUNc,1
/?fbclid=IwAR2Btp7uwdDoF8hmJmZw-o3HT6buDb6yFoctPwAyIPwlyffZl3rrthpMwzw,1
/blog/meet-colin-instructor-at-codeclan/?fbclid=IwAR2MTk68iSqqdxZI7CefiIiHSI-7hrm4KAr3_iUJ_sLAZkFK6YxkKHZ2CIA,1
/courses/professional-software-development/cost-and-funding/?mc_cid=2371f5b213&mc_eid=9f6afb26b0,2
/about-us/become-an-instructor/part-time-teaching/,147
/funding/,3
/data-analysis-announcement/?mc_cid=b8adbaa012&mc_eid=c3a5c83ada,2
/blog/author/codeclan/,12
/blog/graduates-hayley-microbiologist-software-developer/,40
/blog/meet-our-graduates-daniel-at-dog/?fbclid=IwAR3q7hvlIl4tKQ7p39MZh0u-9LU47yI53DO4ujNPWNLcfOIVYy-jxouaOC8,2
/courses/professional-software-development/?mc_cid=04e78ebf46&mc_eid=f29e5546d3,2
/admissions-track/?fbclid=IwAR1R8f7Vj4skZzy0urTyqXUiqpFdm4Vbaxfo0SDn_Qrrht2QH9SFDTbukGI,1
/blog/towards-a-diverse-tech-industry-meet-vicky-junior-software-developer/?fbclid=IwAR3sT50wdoInddbL3mDAI-tzNeq0gzjHd_-6NhxzOsdOoEClpE0_Cl9wEZs,2
/blog/an-app-to-put-charity-shops-on-the-map/?fbclid=IwAR0YgXTkdX_YJivoBLXr91GtWCMifjH3Sf_rIq4-S5V9ELK9utEXvX3AkPE,1
/blog/meet-our-graduates-daniel-at-dog/?mc_cid=0b5d0b7482&mc_eid=d1bedafc24,2
/data-analysis-announcement/?mc_cid=b8adbaa012&mc_eid=4eae11a7d7,4
/courses/professional-software-development/apply/course_application_1,39
/blog/codebar-edinburgh-second-anniversary/?fbclid=IwAR2VJ0c9PFq2_UqN1UeQ4I3JARM2c6QETIlGP2FdKDhbWAI2qBzsJSMzDG0,1
/about-us/?fbclid=IwAR1qmRNjhtXpBLqb_qyZKjy41fS4fBRNXRcAYbfpP9jtsWSVTrTB_gfSQwk,1
/?fbclid=IwAR0ZDO_se4Rq5-4BR9JX2arX9X-TLaUs7oBszojYALaKwW7wbHDeQem4yi4,1
/blog/new-funding-opens-up-careers-in-coding/?fbclid=IwAR2kO26N5s4RzwmnFxKDpy2qK9yBzaKQhxsfITY4B45RwryyVL3W-gsH3GA,3
/codeclan-store/zipped-navy-blue-hoodie/,6
/blog/codeclan-finalist-in-scottish-financial-technology-awards/?fbclid=IwAR3uLmA_gfkNrPznZ3TA85xvTOkKHZsROJLZiKIQWfE0-3j8bNLzIoSW9ok,1
/blog/finding-creativity-through-code-meet-richard-product-manager-at-neu/?fbclid=IwAR1cGB7OKfS995vkrkPIVuOntEYO_YtJTQJbrd2fOhU4KoTrfDQNJTiiG4M,1
/blog/congratulations-cohort-e29-graduates/?fbclid=IwAR31nwZqv61fm-SiOFNOG1QnV2VedrGabbeSaz_3uC2161M5ou8wS-Iyfg8,1
/about-us/join-us/business-and-finance-operations-administrator/?fbclid=IwAR1UB-n3yKSY06heaBzSQhmmZq49CGwH47eZBCtIhOSA6Npt1e2lhfTufkY,1
/?p=17310&elementor-preview=17310&ver=1551695423,1
/about-us/join-us/marketing-sales-assistant/?fbclid=IwAR0JkrksQhcgzpSChixUJa-dYUQACE8UDxWTAwoAr07CJFO21wmK_fF8IYc,1
/about-us/become-an-instructor/part-time-teaching/,153
/admissions-track/?fbclid=IwAR0FsJeW0fiLGzZ0HSnGifLewhEoanWhXQTI5xxmVrjP6JUtw6ttNI84YF0,1
/courses/full-stack-web-development/apply-inverness/course_application_hie_1,2
/blog/call-centre-advisor-developer/?mc_cid=ce1cfe5da7&mc_eid=24346a2168,1
/blog/meet-our-partners-airts/,15
/blog/finding-creativity-through-code-meet-richard-product-manager-at-neu/?fbclid=IwAR2Wx9z0woq40lDYZnodvqlN5Une97MrgY5jduBOfp-OyHuHs9gPLuc3vZY,1
/courses/16-week-course/apply/,58
/blog/inoapps-partner-of-the-month/,64
/about-us/join-us/technical-writer-for-data/?fbclid=IwAR2Pi4O4uFqVnrIp0kLXksJahGbnxPIqHeqgw86nz72UXXkgZZiE2LW8HBg,1
/webinars/?fbclid=IwAR184BnHiCo-iTh6POY3hjCEE1IGUQcvMGKJdj-UBWPCAreXPuAgEhXiT3A,4
/blog/meet-our-partners-airts/,15
/blog/leaving-oil-gas-for-a-career-in-tech-roberts-story/?fbclid=IwAR0uWnkDru2K2n66RA4E6dLEBdgCZB38Yq6_E2xBgy5y_TSG0k3IQxCDs5E,2
/blog/getting-job-in-tech-tips/?fbclid=IwAR0dWFsiRtjP3ptZWhlWe-eh7ShIUkLhvLeQCQPN1QpskcY4zifQIkJtGrg,1
/blog/category/industry/,2
/events/inverness-events/,180
/blog/meet-our-graduates-daniel-at-dog/?mc_cid=0b5d0b7482&mc_eid=f0cfcaf696,2
/about-us/join-us/marketing-sales-assistant/?fbclid=IwAR023NGrilCJ9TGSrtRtUDn0EmeLdxC9SRcJgJVG1J0UaiBXhQvD5A5rwDM,1
/events/info-taster-session-events/?mc_cid=04e78ebf46&mc_eid=479331ff72,2
/?mc_cid=669771da32&mc_eid=[UNIQID,10
/blog/ceo-scottish-tech-startup-awards/,9
/blog/category/inspiring-stories/,39
/courses/professional-software-development/career-support/,128
/blog/codebar-edinburgh-second-anniversary/?fbclid=IwAR30kSzrX2evL54uD_YB5562-sr6mQNHC-1sGHYCQ8mpqhIud95bJYFu87A,1
/blog/meet-team-louise-instructor/,10
/blog/built-munro-bagger-site/,51
/blog/expanding-comfort-zone-digital-womens-group/,74
/blog/meet-ally-software-development-instructor-at-codeclan/?fbclid=IwAR3I42t5FXWUBNTnZgZKF0W5L8qpL09LWo_QGIq59-VQYXyU0yX86GmRbHY,1
/?fbclid=IwAR17ABor_bIt2IOnns1-GxEKm4om1290BPR7lE8mSJtNF6oKDRLDNmhHb_8,1
/blog/codeclan-glasgow-clockwise/,40
/courses/edaid-apply/?mc_cid=fd09f18f12&mc_eid=c39e345940,2
/data-analysis-announcement/?mc_cid=b8adbaa012&mc_eid=6e299fb606,3
/blog/congratulations-cohort-e29-graduates/?mc_cid=2fb4f83e69&mc_eid=d9bfec8eaa,2
/blog/claires-coding-journey-from-hobby-to-career/?mc_cid=04e78ebf46&mc_eid=b3f9ec66bd,1
/courses/professional-software-development/cost-and-funding/?mc_cid=fd09f18f12&mc_eid=b626553ac9,2
/blog/codeclan-launches-new-data-analysis-course/?fbclid=IwAR1eZXTM5sL8_4zN_2IURB5PZtBwpxUlqtYm4bGP4R-_gcFmby2NDCGf41U,1
/blog/how-i-discovered-code/?fbclid=IwAR2Opv8_OYuTexHhVTfN05fz5cl8sR2nJz_YmG7Egth3Idv5TDj4d8-jYjk,2
/about-us/join-us/events-manager/?fbclid=IwAR0S4eBvvGLd2KeuiJkYqZ4m0ycQVEY3qUE5ab0IcsvXZXfM-A5t-LQeNdM,1
/about-us/join-us/student-admissions-officer/?fbclid=IwAR2oEUKoDJQHWJuOblPD5AjZmdwXTID9REcAs1dcuq_NUh48LNpX9pEBWuM,1
/,3990
/blog/learning-from-failure/Infrastructure as code,1
/blog/meet-our-grads-alex-self-published-game-developer/?fbclid=IwAR3FbaCnAKkLhHGHfvCbhkoeW1vjnc1nkQeGBbwFFi10ecE5nIGrEImfzJg,1
/?p=20474&preview=true,1
/blog/category/inspiring-stories/page/3/,3
/?fbclid=IwAR2a79tuTUqLYHGxLErFSaYSmASQCmDPy6fMl3hKNtVPkfDCQI6eau4UNdA,1
/blog/why-learn-coding/,182
/blog/codeclan-students-changed-career/,25
/blog/an-app-to-put-charity-shops-on-the-map/?fbclid=IwAR0WbwxwNlPaP2QowCOIZIZ-R9ZGbMSzyTb7NEPrK3D6npwBr8h99prmY58,1
/about-us/our-team/,1092
/blog/codebar-edinburgh-second-anniversary/?fbclid=IwAR1QYKctUGngf0CovEjSYEp9zt1VnoTc7F72ARlbqDxEYfkOLTZhSTb3pQo,1
/blog/finding-creativity-through-code-meet-richard-product-manager-at-neu/?fbclid=IwAR2pncCTZ4rDhtegTH0cDcm-AqjMSealTF2Y_jYCxUm15HFG_CB_aoOh2Ec,1
/blog/an-app-to-put-charity-shops-on-the-map/?fbclid=IwAR25GpcvKwfn0KTQLi0roRCloof9fLwK1SHCd5TzVdO8y2we1_GPQu1J-Us,1
/inverness/?fbclid=IwAR0GF6kG_Wyqv16oibX09DG6VdHKoD8iurON1jcJ1-5-W4VWH6B1RBloODg,3
/blog/no-tech-background-no-problem-8-career-changers-from-different-backgrounds/?mc_cid=93a9092e93&mc_eid=14a46ff3e4,9
/?fbclid=IwAR2t4KiGiDDvVr8I1RvRTTTlr4E997rRrMXs4BAz3NgIO9IY85790bq71zk,1
/blog/meet-ally-software-development-instructor-at-codeclan/?fbclid=IwAR0fMzzZs541LaJYOcrBrPX75NMrfbBdIkrwVky-oI-BkGwXar0JTf65wfY,1
/blog/meet-our-graduates-daniel-at-dog/?mc_cid=0b5d0b7482&mc_eid=9011f56e5c,3
/?s=Taylor+swift,1
/blog/500-graduates-in-employment/?hss_channel=tw-121933132,5
/blog/page/9/,2
/blog/codeclan-contributing-to-scotlands-20bn-data-boom/?mc_cid=ee6dba1b4b&mc_eid=a4cd2d02c2,2
/blog/scottish-tech-grads-demonstrate-the-need-for-practical-learning-in-order-to-secure-jobs/,86
/blog/david-nhs-junior-developer/,17
/blog/meet-our-grads-alex-self-published-game-developer/?fbclid=IwAR1Vg8n9jd4MPJPv6Ep0cCitd9rJwQtzeLIPwMwSTDORUvPdlupalnWOY1s,2
/blog/tag/funding/,5
/data-analysis-announcement/?mc_cid=b8adbaa012&mc_eid=dee74d3930,2
/blog/apply-immersive-programming-course/,95
/blog/an-app-to-put-charity-shops-on-the-map/?fbclid=IwAR208NTG2YetMRiyg-mx_oYzbcfC3ma6X5bztudJmtGGPKwhK-Z61jIrB9s,1
/inverness/?mc_cid=4f230ab388&mc_eid=782d250c92,5
/digital-careers/product-owner/?fbclid=IwAR1dX3zZ2xohy9qy1Y-lifr4YEMpT4JUcCYG7SbPJL0YwF0sWwz7NUcsgH8,3
/about-us/become-an-instructor/,299
/blog/page/7/,6
/?s=Nevin,1
/about-us/become-an-instructor/?fbclid=IwAR0b_L-uV3_IdQjWX0wivnsKrJ09xkemYwSmyfi-IXaJKWbh38ixSCoe2Xs,1
/courses/edaid-apply/?mc_cid=fd09f18f12&mc_eid=34f10ac59c,2
/blog/graduate-chris-android-developer/?fbclid=IwAR2gd7ufwrfMfvJUXwW27b7d8WzJHKX933GlmY2lnEN8FWlaet0b1nXFt3Q,1
/blog/linda-scott-codeclan-cmo/?mc_cid=ee6dba1b4b&mc_eid=1631015e9d,1
/blog/finding-creativity-through-code-meet-richard-product-manager-at-neu/?mc_cid=39d929350b&mc_eid=c200c86743,3
/blog/codeclan-highlands-gets-a-space-in-wasps/?fbclid=IwAR1YkFtwO0_5zfCVsBUts_Vy-AcOgHtEY8BVMG0MXg37GIUCrMaLcGLatJE,1
/blog/codebar-edinburgh-second-anniversary/?fbclid=IwAR30kSzrX2evL54uD_YB5562-sr6mQNHC-1sGHYCQ8mpqhIud95bJYFu87A,1
/blog/meet-wojtek-ux-veteran-and-codeclan-instructor/,27
/data-analysis-announcement/?mc_cid=b8adbaa012&mc_eid=c39e345940,3
/blog/scotland-demand-for-developers-growing/,49
/courses/agile-for-effective-teams/,323
/data-analysis-announcement/?mc_cid=b8adbaa012&mc_eid=01b96f9c31,2
/about-us/join-us/marketing-sales-assistant/?fbclid=IwAR3h5WomTqqjmUPJ0RBdfhImPtC-CXCWQewPuXX_eOjdG74tuzbzCcgZAcA,1
/events/inverness-events/?mc_cid=4f230ab388&mc_eid=4682c4eed6,2
/blog/inoapps-partner-of-the-month/,73
/blog/tag/scholarship/,7
/blog/an-app-to-put-charity-shops-on-the-map/?fbclid=IwAR0b5TuLYHIvy4OJ-TSnxEIBs-q8KwvoJsgmugOcGxb2fd6BT2tRLckpa3g,1
/blog/2018-our-year-in-review/,171
/blog/meet-our-graduates-alex-junior-software-developer/?fbclid=IwAR0geNRbtOKnGSLnklqdVeN7E6C5tYT_lOJaB-A_OW6taV7BG0dPPS9mQ3s,1
/blog/tag/job/,10
/about-us/join-us/student-admissions-officer/?fbclid=IwAR2oEUKoDJQHWJuOblPD5AjZmdwXTID9REcAs1dcuq_NUh48LNpX9pEBWuM,1
/blog/graduate-chris-android-developer/?fbclid=IwAR2gd7ufwrfMfvJUXwW27b7d8WzJHKX933GlmY2lnEN8FWlaet0b1nXFt3Q,1
/courses/inverness/,82
/blog/scottish-minister-helps-codeclan-highlands-open-for-business/,3
/blog/500-graduates-in-employment/?fbclid=IwAR13tbjSn6FUWY52UwcNcF3KO9Cxn9g13i2aa8jAb0SdWMkyQO9aInoqMRQ,1
/about-us/become-an-instructor/?fbclid=IwAR16M2yB3ByEz8JM4WIm5xdVJJMvUjpAnlJF8L6dsJf8O7DXbgRMvHD1CZ0,1
/courses/edaid-apply/?mc_cid=fd09f18f12&mc_eid=9f6afb26b0,2
/courses/full-stack-web-development/?fbclid=IwAR1oSVZhucGlFMC43D7I6uI9YSs-FhtS6bBdxh4nOCLLSmb8VCETZ1B1ZKI,2
/for-employers/hire-with-codeclan/,219
/blog/introducing-project-showcase/,5
/blog/students-prototyped-online-dashboard-sustainability-consultancy/,14
/about-us/become-an-instructor/?fbclid=IwAR3H6vZvDKWoiyL47ItG3H1SWjXTsqGjyD360nIYElRbjG1_SpXqTzvds6s,1
/about-us/become-an-instructor/?fbclid=IwAR3CsGUqf9jBtJdITuAc48M72RZr3Z2kkwwmRt58dp36XuWVCKye-ADu9rM,3
/?fbclid=IwAR2cJOmFkbmg26EgWl98hsqThL5cak1QL4KSuBEF6AY8gp1pZ2-mJy_7sJs,1
/blog/finding-creativity-through-code-meet-richard-product-manager-at-neu/?mc_cid=39d929350b&mc_eid=9f6afb26b0,1
/blog/coding-change-your-life/?fbclid=IwAR2TOIDPsL6ptBIrxybgt2wKSbhVNLUnweoWGSd4ELJOFIDTCr7r6aBiVa0,1
/courses/professional-software-development/student-case-studies/,57
/for-employers/community-outreach/,105
/courses/professional-software-development/?mc_cid=fd09f18f12&mc_eid=e6887b462d,2
/blog/codeclan-highlands-gets-a-space-in-wasps/?fbclid=IwAR2GSv9hVoJSdPQ0OAS9REg57XprQA3eRHw6rd9uDB-nIlIq7Ht7Y3jK2dA,1
/about-us/join-us/careers-service-assistant/?fbclid=IwAR0K8qi1qVoRCYMc3H8qdDX3_CtxcB36su4eAkxd9LnO_jS02JfwD3g2Cm4,1
/for-employers/community-outreach/,103
/blog/introducing-project-showcase/,5
/site-map/,39
/blog/meet-our-graduates-alex-junior-software-developer/?mc_cid=39d929350b&mc_eid=[UNIQID,10
/events/glasgow/,323
/courses/ux-design-fundamentals/?mc_cid=669771da32&mc_eid=9efa5cd925,2
/blog/meet-our-instructors-keith/,18
/blog/meet-our-graduates-daniel-at-dog/,232
/ourbrand/,32
/nikos,13
/?fbclid=IwAR0tviS9M1unOTtnKJg2_k5MPquSwKsvSmVq5WKlnYfLZodTSmx_U8iYPUA,1
/blog/meet-our-graduates-daniel-at-dog/?mc_cid=0b5d0b7482&mc_eid=c2435237f9,2
/courses/inverness/,82
/?s=Taylor+swift,1
/webinars/,67
/blog/meet-our-grads-alex-self-published-game-developer/?fbclid=IwAR3eNhkSg5GicEp2iovtTWTwSI1CCvYFEfVmdr9OzEjomLkIq5LoeJjQLiM,1
/blog/finding-your-feet-when-train-work-digital-alumni-advice/,37
/courses/professional-software-development/cost-and-funding/?mc_cid=fd09f18f12&mc_eid=7c9d1b95d2,7
/blog/codebar-edinburgh-second-anniversary/?fbclid=IwAR2SBE8peY2Ku1TuB0xoYI8Q_gJ3VV6sGrjrSOLORQ8sFJxaxVXMM7m55JY,1
/about-us/join-us/events-manager/?fbclid=IwAR0WsfelEqPY7AnR9VUUNW0m0mEnLuB2-m24Ql3Ayh1i5K5Dz0C5iFoNjQU,1
/events/other-events/,323
/highlands-academy/apply-inverness/,4
/blog/no-tech-background-no-problem-8-career-changers-from-different-backgrounds/?mc_cid=93a9092e93&mc_eid=e8d4f00c1e,2
/blog/codeclan-students-meet-employers-at-speed-networking-event/,46
/blog/graphic-designer-trainee-software-developer-meet-tahnee/,27
/about-us/join-us/careers-service-assistant/?fbclid=IwAR09Ks5Ci6HlkklsjSh0k2QzGDf7uUXnxY1kZmL7843afZV-RRYFjhTNZjM,1
/blog/codeclan-highlands-gets-a-space-in-wasps/?fbclid=IwAR2xlvT0lA7NSNc4ny0VQrUtMQARaVJzSCNHMZTEBpXye7um4eKsR8-yzvo,1
/scotland/,10
/blog/codeclan-highlands-gets-a-space-in-wasps/,189
/blog/meet-ally-software-development-instructor-at-codeclan/?fbclid=IwAR3I42t5FXWUBNTnZgZKF0W5L8qpL09LWo_QGIq59-VQYXyU0yX86GmRbHY,1
/about-us/join-us/marketing-sales-assistant/?fbclid=IwAR1WNycJi8ahupqQF-sR633Abp4ZhvPPP4mwMMaCYWP23FMBowVXecZI_FU,1
/blog/meet-our-graduates-alex-junior-software-developer/?fbclid=IwAR1NcDCv_WYey4mwb36AyejDhRjMbTZlyUZqKEUoZj0lrh9LYFxPBcV7sZI,1
/blog/finding-creativity-through-code-meet-richard-product-manager-at-neu/?fbclid=IwAR2pncCTZ4rDhtegTH0cDcm-AqjMSealTF2Y_jYCxUm15HFG_CB_aoOh2Ec,1
/blog/page/7/,6
/courses/professional-software-development/cost-and-funding/?mc_cid=fd09f18f12&mc_eid=1531fbbc3f,2
/?fbclid=IwAR23UpyP2py-IeD2Y-adGKIpd0NBx26wPL3-jD8pAe-YUP7tDEFg8K5-iGg,1
/blog/hire-developer-screening-candidates/?fbclid=IwAR1CdHWTG2bjCZUGwOWWWfRWlJ8OwPwwye2hZyNQpPXYg3VgYNsEKdHgegE,1
/blog/meet-our-graduates-alex-junior-software-developer/?fbclid=IwAR0d29g210IZRI_9ng-99nLPhTkFaRCF2mmfl1UxSqPXmBAzXELC-9itj-I,1
/blog/codeclan-students-changed-career/,26
/about-us/our-team/?elementor-preview=61&ver=1563197213,1
/courses/professional-software-development/?fbclid=IwAR14LEaGZBbfX5aKVlxcGOyGOevUMfaP7OqOQSoIgkG6m1gJCm4uMDWx2KE,2
/data-analysis-announcement/apply-for-data-analysis/?fbclid=IwAR14itoq9Bu33acRg21zwqblE1UJeihr-kmSY6RVU2pIjkM3RHEUvEceyRY,2
/data-analysis-announcement/apply-for-data-analysis/data_analysis_application_0,2
/blog/leaving-oil-gas-for-a-career-in-tech-roberts-story/?fbclid=IwAR3wTwEytj3Hcox8C_-yhwEgu-EBkMAFiVZYyTVQHMbH2bg2tayoL4OKZDE,1
/blog/how-i-discovered-code/?fbclid=IwAR2Opv8_OYuTexHhVTfN05fz5cl8sR2nJz_YmG7Egth3Idv5TDj4d8-jYjk,2
/blog/getting-job-in-tech-tips/?fbclid=IwAR3xwTj8DqfHdF4QvnVUIogjEI2fF42_0HOfQm1dCKlEGRsFGKQhrIZlmnQ,1
/?fbclid=IwAR3YbeEbV6G3b-PUNdE2WgOGNGTHRk2oFpqkxE143RfIoeaS8VT8HpHwnnI,1
/data-analysis-announcement/apply-for-data-analysis/data_analysis_application_2,74
/blog/claires-coding-journey-from-hobby-to-career/?fbclid=IwAR0X66QuC4qxFVpA4vK6dz8ly1We_45lTI2FGkQDIof9s-gliRYGpoidlvY,1
/courses/professional-software-development/?fbclid=IwAR14LEaGZBbfX5aKVlxcGOyGOevUMfaP7OqOQSoIgkG6m1gJCm4uMDWx2KE,2
/?fbclid=IwAR2GSmpNdXc6qBmCul_d1uHJw2Lq1rBXr_1WCwtZHs7sWojIOMGM5YVzrx4,1
/blog/good-news-for-the-next-gen-of-digital-as-grants-awarded-by-digital-xtra-fund/?fbclid=IwAR35t8ZMN2eRMhU8VcG4xgCMYYHmpHHnx2SSt35Y9U5Q1UiDt2a6RvhYsvM,1
/about-us/become-an-instructor/?fbclid=IwAR0G-2CQDRw1vVyKFcRHSrEp_OHbDLEAfCVEJ65wDBcdS646vCFy1Ha-GuY,2
/events/info-taster-session-events/?fbclid=IwAR3F3B-UTjZzqTF_WHrw5yV1ZAYkRIVI_LRd03OeUCBzDfbR9VLsn-yQKr8,17
/?fbclid=IwAR2yo-DCFkEMCt545Q5ndmui07fayXqp3HSNjd8plF-YaPFcQF1q5KjVaRE,1
/blog/three-social-impact-initiatives-we-support-and-why-you-should-too/?fbclid=IwAR0AETwSUYvX5jzsCgE4dlbGMHlru8uLjqrYZSvQs57aIAAThdyu0hU57m4,2
/blog/meet-our-graduates-alex-junior-software-developer/?mc_cid=39d929350b&mc_eid=900e987512,2
/blog/meet-ally-software-development-instructor-at-codeclan/?fbclid=IwAR0HcQoD7F9vz04M0VOYXWOV79vfhBw72Uh07d8BwghRjLcFvuFNGO583Nk,1
/blog/towards-a-diverse-tech-industry-meet-vicky-junior-software-developer/?fbclid=IwAR3s6HN1-bIy94lppN8C6DhtUjUSA9wdOhmS2IJfEK8AK15yQbIuzVWrNfg,3
/blog/employers-catriona-dick-zonal/,18
/data-analysis-announcement/?mc_cid=b8adbaa012&mc_eid=9c0d520937,4
/courses/?fbclid=IwAR3X15zgOeqcY9gjm1hvsI1P_h4mjb58yE9ASO8Nrhp_bG4IYJspAdJRmQE,2
/blog/good-news-for-the-next-gen-of-digital-as-grants-awarded-by-digital-xtra-fund/?fbclid=IwAR2HDv89oLpo9wNV89ksGFb4MYoq6_vNS4o-SpQXJvVS6snmcppKyhdaAK0,1
/about-us/join-us/,733
/blog/finding-creativity-through-code-meet-richard-product-manager-at-neu/?fbclid=IwAR0haxPnJpagZ7e1nVLeNPIXUb6auwZ03krYHl8s3Kh0OkOukxi994hvaEg,1
/about-us/become-an-instructor/?fbclid=IwAR0E886CvucxWbv3oEnvuSBIM_UcMgAxqBmWT-9AzCKwmS67mqvjWWHKh40,1
/blog/graduates-charley-junior-developer/,35
/blog/getting-job-in-tech-tips/?fbclid=IwAR2gc_eXHE-tMZalCtpEjYQZGpxUgIEYAvR3e5awcy2-2X0TB8l-mKMKZMA,1
/pre-course-work-data-analysis/,148
/blog/towards-a-diverse-tech-industry-meet-vicky-junior-software-developer/?fbclid=IwAR3s6HN1-bIy94lppN8C6DhtUjUSA9wdOhmS2IJfEK8AK15yQbIuzVWrNfg,3
/about-us/join-us/events-manager/?fbclid=IwAR0S4eBvvGLd2KeuiJkYqZ4m0ycQVEY3qUE5ab0IcsvXZXfM-A5t-LQeNdM,1
/about-us/join-us/sales-and-marketing-operations-coordinator/,89
/blog/three-social-impact-initiatives-we-support-and-why-you-should-too/?fbclid=IwAR0cyUfX588sO2uZPtrPdxXrXilH5uILDZCeE12xccClQ1mQPdfgMnUkhDE,2
/about-us/join-us/events-manager/?fbclid=IwAR0S4eBvvGLd2KeuiJkYqZ4m0ycQVEY3qUE5ab0IcsvXZXfM-A5t-LQeNdM,1
/admissions-track-data/?elementor-preview=18536&ver=1554906058,1
/?p=17310&elementor-preview=17310&ver=1551691499,1
/?fbclid=IwAR2a79tuTUqLYHGxLErFSaYSmASQCmDPy6fMl3hKNtVPkfDCQI6eau4UNdA,1
/blog/graduates-hayley-microbiologist-software-developer/,40
/blog/good-news-for-the-next-gen-of-digital-as-grants-awarded-by-digital-xtra-fund/?fbclid=IwAR0MfSAERROWfFbXRAtRlyuNZM1QsnMO1qkuqOwiy-n-kmya1TAWtPfFP10,1
/blog/get-involved-with-codeclans-client-xperience-programme/,33
/data-analysis-announcement/cost-and-funding/,235
/about-us/our-team/?elementor-preview=61&ver=1563197213,1
/courses/professional-software-development/cost-and-funding/?mc_cid=fd09f18f12&mc_eid=1531fbbc3f,2
/for-employers/community-outreach/,115
/blog/call-centre-advisor-developer/?mc_cid=ce1cfe5da7&mc_eid=24346a2168,1
/admissions-track-data/,126
/blog/getting-job-in-tech-tips/?fbclid=IwAR2gc_eXHE-tMZalCtpEjYQZGpxUgIEYAvR3e5awcy2-2X0TB8l-mKMKZMA,1
/blog/meet-rob-codeclan-graduate-and-now-graduate-mobile-developer-at-xdesign/,52
/blog/meet-our-graduates-alex-junior-software-developer/?fbclid=IwAR0geNRbtOKnGSLnklqdVeN7E6C5tYT_lOJaB-A_OW6taV7BG0dPPS9mQ3s,1
/blog/codebar-edinburgh-glasgow-coding/?fbclid=IwAR0R2svZLeGqYz0mPvr1zl3f2qI5V4SpFJ6ihQl3cwwG8JBTBIJRZ3vczBA,1
/blog/celebrate-joint-graduation/,12
/blog/new-funding-opens-up-careers-in-coding/,326
/for-employers/hire-with-codeclan/,235
/?fbclid=IwAR1AdrsFFneIpCFlg5FOb60tT-DQZd_FDp-X0VBEsr2H87B5I4MF6dRhnO4,1
/digital-careers/software-developer/,140
/blog/meet-our-grads-alex-self-published-game-developer/?fbclid=IwAR3eNhkSg5GicEp2iovtTWTwSI1CCvYFEfVmdr9OzEjomLkIq5LoeJjQLiM,1
/tech-boom/?mc_cid=04e78ebf46&mc_eid=507a269470,2
/blog/getting-job-in-tech-tips/?fbclid=IwAR2FlxEV77yjlN3zfOoh6omzLa5PjiTDYJyNUE448hlDCJTrk9kQYItVwXE,1
/blog/meet-our-graduates-daniel-at-dog/?mc_cid=0b5d0b7482&mc_eid=b1cba763db,2
/blog/linda-scott-codeclan-cmo/?fbclid=IwAR27IGnfNiXEQbFein1boLyJvajyHlHelZW9M4ChA3VhHYfFnmRRVSjUF3g,1
/courses/professional-software-development/cost-and-funding/?mc_cid=fd09f18f12&mc_eid=8695592313,2
/courses/r-programming/?fbclid=IwAR2dpbbcBeS7MsO4WyEa8Wtu9Wl6Z_AoxLQYXs78Bn4iwuu8hYL0yWWScuc,2
/blog/500-graduates-in-employment/?fbclid=IwAR0z2s91ZfaAR1HqGJMNKHUUQOEUElOirUF6b2pHvZZ_5OVjFN07VJM3QjY,1
/blog/getting-job-in-tech-tips/?fbclid=IwAR0HhawgHLpDQgXBPcpDbT6M3FL2sITM2JAsM2NciZr0E9lJx3ZzGtQDND0,1
/?fbclid=IwAR3gWEKqwaQAN0vYB4y5RnhKw79RL_2UymrJOEYsOHWjXceEizPzz4MPUA0,1
/about-us/join-us/marketing-sales-assistant/?fbclid=IwAR2Y2iJGe_CSF8fybGJ0jh02yj-VqttJs1nkzbpGK18WkCBrC1tPs7DKzPk,1
/blog/how-i-discovered-code/?mc_cid=ee6dba1b4b&mc_eid=4668aeedda,1
/courses/professional-software-development/cost-and-funding/?mc_cid=fd09f18f12&mc_eid=9d37622967,2
/blog/meet-ally-software-development-instructor-at-codeclan/?fbclid=IwAR30fPtwEq96b8IIHCKNIxkOeHHGMeRbJqR3IwP0yBszwydtvDSpzL5U7Zg,1
/blog/category/industry/,2
/blog/graduate-chris-android-developer/?fbclid=IwAR2gd7ufwrfMfvJUXwW27b7d8WzJHKX933GlmY2lnEN8FWlaet0b1nXFt3Q,1
/courses/edaid-apply/?mc_cid=fd09f18f12&mc_eid=34f10ac59c,2
/blog/new-funding-opens-up-careers-in-coding/?fbclid=IwAR0IJCWnVsMNIzEkcqQna-COKqqgD7ajXdThzyTxl60B2DIGxrnL_Q1_jPA,6
/blog/finding-creativity-through-code-meet-richard-product-manager-at-neu/?fbclid=IwAR2cs7FhBQPwI9noIqCCnEmqtWfia7jqUUZ48oqj6JnUeQXhsjVupNsUAw0,1
/courses/professional-software-development/cost-and-funding/?mc_cid=39d929350b&mc_eid=7c9d1b95d2,2
/courses/professional-software-development/?mc_cid=04e78ebf46&mc_eid=f29e5546d3,2
/blog/towards-a-diverse-tech-industry-meet-vicky-junior-software-developer/,189
/blog/congratulations-cohort-e29-graduates/?fbclid=IwAR1couL5yQ2z4SIEisitg8F723iBaDSOmzku8r5eVXM1n94jXcWnLtwpodI,1
/blog/page/4/,10
/courses/professional-software-development/?mc_cid=04e78ebf46&mc_eid=f29e5546d3,2
/blog/hiring-developers-for-the-future/,169
/blog/leaving-oil-gas-for-a-career-in-tech-roberts-story/?fbclid=IwAR2E1a7tgXRlLn3dszjdeskc2VI3tDkW3HiG-HhVQSuLWbLnbjjnFvSi6A4,4
/blog/student-codeclan-expect-prepare/,34
/about-us/join-us/social-media-and-digital-marketing-specialist/?fbclid=IwAR0OFci6Uug36BWJapLPzFjoEZvGRfD4HbDcZFjbignCuAzEJybqpkp8m0E,1
/blog/creatives-make-good-coders/,18
/blog/500-graduates-in-employment/?hss_channel=tw-121933132,5
/?fbclid=IwAR3ULH_q8yIl_xr505IMLwI2yik_K4dSjuOFPYU7jU3AA-tWKlCTUbit9Fg,1
/blog/hire-developers-online-tests/,1403
/blog/category/whats-new/page/2/,6
/webinars/?fbclid=IwAR184BnHiCo-iTh6POY3hjCEE1IGUQcvMGKJdj-UBWPCAreXPuAgEhXiT3A,4
/blog/500-graduates-in-employment/?fbclid=IwAR0z2s91ZfaAR1HqGJMNKHUUQOEUElOirUF6b2pHvZZ_5OVjFN07VJM3QjY,1
/courses/professional-software-development/cost-and-funding/?mc_cid=39d929350b&mc_eid=e9d7a714de,3
/courses/r-programming/,3177
/?fbclid=IwAR0rp3_7eEFd-UL5Vl9xrkkHgl5eSF8Ze4lh_1Yqe8cxWjTFzaqJgDwXk_o,1
/about-us/join-us/careers-service-assistant/?fbclid=IwAR12bGxKnPCUHsrT8Bzr-Oehtt83888B6nLylLiM-JG3dWQcR6rLoqqQvK4,1
/inverness/?fbclid=IwAR07_YnDsDVvbQXr10YODJi4fRbz8tbMxMZ7T7w_REiIug2wJWRlbB6PZYc,2
/blog/how-i-discovered-code/?mc_cid=ee6dba1b4b&mc_eid=4668aeedda,1
/blog/finding-creativity-through-code-meet-richard-product-manager-at-neu/,135
/?s=Taylor+swift,1
/blog/an-app-to-put-charity-shops-on-the-map/?fbclid=IwAR2jcwfsxyJ7zef3dJG3519f__U9lWs3SCIpyMGrZN7WRYs9xV-EL0Mbrzk,1
/about-us/join-us/?fbclid=IwAR1poiWzkqGCHY9fzL6C6Eoxi8CN49C8Zu4a5rjlLJ1FTZFSdEg5jw3p6C4,1
/?s=E29,1
/admissions-track/?fbclid=IwAR3Fo1tb8jk2fxTvPSFbg0Twey9TeDTtgTUpGDEYQbcbb40yObp_1jlvyRY,1
/events/inverness-events/,175
/blog/category/inspiring-stories/page/2/,4
/about/,18
/courses/professional-software-development/cost-and-funding/?mc_cid=39d929350b&mc_eid=f6b4c1b8d7,4
/blog/leaving-oil-gas-for-a-career-in-tech-roberts-story/?fbclid=IwAR3ls7K7C40XwA45guziEeiWlPTfobqdSfn7aXd296INjUgFnGJDhk_eVNg,1
/blog/three-social-impact-initiatives-we-support-and-why-you-should-too/,56
/blog/category/learning-to-code/page/3/,3
/blog/500-graduates-in-employment/?fbclid=IwAR1K6Uk6UG8OpJcVyJi_vI_JHTbhhDNhNx_-YJ0el1RH_EYoRKVMQCdy9WI,1
/blog/meet-our-graduates-alex-junior-software-developer/?fbclid=IwAR1DwS9wmk77LPtnoUDnZCVFg6zoxtQILscjZMEmeQuVLJwehoeX4e0prIo,1
/blog/category/careers-in-tech/page/2/,8
/blog/welcome-to-our-commercial-director/,32
/blog/built-Munro-bagger-site/,1
/?fbclid=IwAR1MzyojDdDujWxQEAPePiyI1XkCKIV7M_b-YYRGm75Sb8xkZxlm5xWfnTY,1
/blog/author/jordandavidson/,2
/blog/codeclan-highlands-gets-a-space-in-wasps/?fbclid=IwAR1IOZQnNZIuhjHjBPKu5Yt6yMwP5tGVSl5RibtcLBA5-Vl2POpVnxdkLF0,1
/blog/learn-to-code-working/,718
/blog/graduate-kate-developer-cultivate/,30
/courses/r-programming/?fbclid=IwAR1lLLrGbicivq8V_KaBVpCpF_evU7m_kw0Du_Hi229UxO9Ehqu8nxdtfKQ,2
/blog/how-i-discovered-code/?fbclid=IwAR2qyq9LszRRK9p-cgjpTgRVd1785zETVeTsm5f5naqsiB4b1Yjqsq3z1K4,1
/courses/data-carpentry/,194
/blog/author/killian/,18
/blog/how-i-discovered-code/?fbclid=IwAR2b-hq4AyaXrH5G9mZVAAC9uSX8z0QiqV9CGEuLcqrDO8FL6q6-hThtuVE,1
/courses/professional-software-development/cost-and-funding/?mc_cid=fd09f18f12&mc_eid=b626553ac9,2
/blog/codeclan-highlands-gets-a-space-in-wasps/?fbclid=IwAR07ABsFt_QkDkokoTTHmms14Jg0fXJEEnCU7KXqKRVgYXL45rhD0s2UOOU,1
/blog/top-networking-events-scotland/,180
/blog/codeclan-highlands-gets-a-space-in-wasps/?fbclid=IwAR07ABsFt_QkDkokoTTHmms14Jg0fXJEEnCU7KXqKRVgYXL45rhD0s2UOOU,1
/courses/professional-software-development/curriculum/,1977
/?p=17310&elementor-preview=17310&ver=1551695423,1
/blog/codeclan-data-analysis-course-diary-001/?fbclid=IwAR24lLArlH-mY30Fz3qO0cFJ1TdSGzF3NH7E1nIVgjzq7J3YP7h9sPf1PS8,2
/blog/towards-a-diverse-tech-industry-meet-vicky-junior-software-developer/,190
/?fbclid=IwAR1AdrsFFneIpCFlg5FOb60tT-DQZd_FDp-X0VBEsr2H87B5I4MF6dRhnO4,1
/blog/codeclan-highlands-gets-a-space-in-wasps/?fbclid=IwAR0ToljTGKWDN-FD6UNvhNt3oAidwGTjsnpdWoOJDPufdFvsKBm44VHaF64,1
/?p=21295&preview=true&_thumbnail_id=20735,1
/blog/finding-creativity-through-code-meet-richard-product-manager-at-neu/?fbclid=IwAR2pncCTZ4rDhtegTH0cDcm-AqjMSealTF2Y_jYCxUm15HFG_CB_aoOh2Ec,1
/data-analysis-announcement/?fbclid=IwAR35NX90TUcJS69tm-5_8ojVM3-HSG0tq3I7IZbuKwe120x6G79GspbgMSE,2
/admissions-track-3/,1
/blog/leaving-oil-gas-for-a-career-in-tech-roberts-story/?fbclid=IwAR1TiNKaOJc6e7WR1IMXrRjkZf3md9vNlpTFThHGVOz6HRWjPD1Ettyj6Cs,1
/?fbclid=IwAR3gWEKqwaQAN0vYB4y5RnhKw79RL_2UymrJOEYsOHWjXceEizPzz4MPUA0,1
/blog/three-social-impact-initiatives-we-support-and-why-you-should-too/,51
/about-us/join-us/technical-writer-for-data/?fbclid=IwAR15R1NZcq5JzjqH6A4lSakcR_sN9N0b4qgBOFs-ZHcSpvgRudArmg5_D5s,1
/blog/codebar-edinburgh-second-anniversary/?fbclid=IwAR2VJ0c9PFq2_UqN1UeQ4I3JARM2c6QETIlGP2FdKDhbWAI2qBzsJSMzDG0,1
/blog/meet-our-grads-alex-self-published-game-developer/?fbclid=IwAR20k8K_go-5pT-8mwYH7uO8Fo83iZEbye0B6NHFf49Nm-r015J8dYapY6k,1
/blog/leaving-oil-gas-for-a-career-in-tech-roberts-story/?fbclid=IwAR0QrsE-fpWltN6STXvEbBkYGUkHuaQkj8z_mfbubwOZ8OWDPG9ssqzxzWM,3
/courses/r-programming/?fbclid=IwAR0Fi08NtYbjJB_6TeMFRWxFdHOgYN_HizdGhUi3Ptl_zoA2JkyZWl3rwzs,2
/Edinburgh/,95
/blog/category/learning-to-code/?fbclid=IwAR0Yy8g_tlzWyxeXYy8k4C5p1ty_EgPOyYXSnQyFzIIEUYPsUaJzueG0IOk,1
/blog/meet-our-graduates-daniel-at-dog/?mc_cid=0b5d0b7482&mc_eid=9011f56e5c,3
/blog/codeclan-highlands-gets-a-space-in-wasps/?fbclid=IwAR3hEIcAbO0Zfz0l0Sl5nMUEQP0C0H64b4fnYhWv6hoXhAP1cktc4KFEez0,1
/?fbclid=IwAR3MLBfF_dcxpKsx3Mcc0cXp2VYATj4OPAulIzki7cl1Zhr1Vzt5QheHiPc,1
/events/edinburgh/,243
/blog/meet-our-graduates-alex-junior-software-developer/?fbclid=IwAR1jrlomqzomG5QzsuOhGMKxK6rdDYblIjPYSzu49qMH4WSG0tr1jRSQB2k,1
/courses/full-stack-web-development/cost-and-funding/,232
/blog/category/whats-new/page/2/,6
/blog/page/7/,6
/events/info-taster-session-events/?mc_cid=04e78ebf46&mc_eid=479331ff72,2
/blog/an-app-to-put-charity-shops-on-the-map/?fbclid=IwAR3G2KRYmWhM_AMIM-YCD83XxavyJKp2Q6G6Fgq7C8PejhQcIx3mSA6TrIM,1
/the-codeclan-experience/the-alumni/,256
/blog/finding-a-career-you-love/,19
/codeclan-store/,190
/?fbclid=IwAR2lfJ9_-d1dZ52z6wQNgwNkjqxGILZ9-CAYezg2tdsaVfhG4LmWkTzS8Hw,1
/blog/tag/scholarship/,7
/blog/meet-our-graduates-alex-junior-software-developer/?fbclid=IwAR1jrlomqzomG5QzsuOhGMKxK6rdDYblIjPYSzu49qMH4WSG0tr1jRSQB2k,1
/blog/congratulations-cohort-e29-graduates/?fbclid=IwAR2CXkyH5a6dPxymL_wyAQncK6Iw-q4x_MT5T9S9q3QLV9HPSPg7SZ9W_T8,1
/blog/meet-employers-andrew-lints-craneware/,9
/blog/codeclan-finalist-in-scottish-financial-technology-awards/,24
/?mc_cid=669771da32&mc_eid=9d37622967,1
/events/edinburgh/,256
/blog/three-social-impact-initiatives-we-support-and-why-you-should-too/?fbclid=IwAR0cyUfX588sO2uZPtrPdxXrXilH5uILDZCeE12xccClQ1mQPdfgMnUkhDE,2
/blog/codeclan-highlands-gets-a-space-in-wasps/?fbclid=IwAR2UxE51VNqMa9Flh3foKb_GHPi52s2Ngcm0og3OFQfZPosMczHEHyEtdpE,1
/blog/meet-our-instructors-keith/,18
/codeclan-store/order-complete/,2
/about-us/become-a-ta-data/,58
/blog/meet-our-graduates-daniel-at-dog/,218
/blog/codeclan-highlands-gets-a-space-in-wasps/?fbclid=IwAR2GSv9hVoJSdPQ0OAS9REg57XprQA3eRHw6rd9uDB-nIlIq7Ht7Y3jK2dA,1
/blog/inspirational-women-tech/,40
/courses/ux-design-fundamentals/,930
/blog/learning-from-failure/Infrastructure as code,1
/admissions-track/?fbclid=IwAR3Fo1tb8jk2fxTvPSFbg0Twey9TeDTtgTUpGDEYQbcbb40yObp_1jlvyRY,1
/digital-careers/,247
/blog/finding-creativity-through-code-meet-richard-product-manager-at-neu/?fbclid=IwAR3S6PALS2TatLM1u6PcFHSXFFBlq44N3WbyUdAzkkPdZK7OWCAM2sSzWm0,1
/?fbclid=IwAR2Mbfj5zYIHvwJR8D8rqPf84UUKzGtSr8d4eRK3oMwWfF48blP9rhTWijY,1
/blog/claires-coding-journey-from-hobby-to-career/?fbclid=IwAR0-j1Ue0-5i6lnmeneb2doIb5DFbdlUbrJbrTextSnUWZjFov1HeYhPnl4,1
/events/partner-events/,256
/courses/edinburgh/,441
/blog/why-learn-coding/coding-guide-download/,128
/about-us/join-us/careers-service-assistant/?fbclid=IwAR0VbJOW3WUdfEiXl3NrIvY3HxIzeNt2ua24y3eHhs2jKxtwbIkmeGRPFm0,1
/blog/inoapps-partner-of-the-month/,73
/blog/codebar-edinburgh-glasgow-coding/?fbclid=IwAR0R2svZLeGqYz0mPvr1zl3f2qI5V4SpFJ6ihQl3cwwG8JBTBIJRZ3vczBA,1
/for-employers/,781
/admissions-track-data/?elementor-preview=18536&ver=1554886417,1
/blog/hiring-developers-for-the-future/,180
/blog/how-i-discovered-code/?mc_cid=ee6dba1b4b&mc_eid=10a74adccd,1
/blog/finding-creativity-through-code-meet-richard-product-manager-at-neu/,130
/blog/an-app-to-put-charity-shops-on-the-map/?fbclid=IwAR3G2KRYmWhM_AMIM-YCD83XxavyJKp2Q6G6Fgq7C8PejhQcIx3mSA6TrIM,1
/events/inverness-events/?mc_cid=4f230ab388&mc_eid=e5e2062d56,2
/about-us/join-us/careers-service-assistant/?fbclid=IwAR0FvjMd-4Uz0o0_v2BQTR7day3xgiS8Ag0-LjlbgnOYM-CIZgw8OPIPZWc,1
/blog/author/killian/,18
/tech-boom/?fbclid=IwAR1fB1d-1jBEE2hrk_v8L1HRyyNb44MzDWs3Tpy0LELSujqlpOvQD07R5p4,2
/blog/meet-our-partners-inoapps/,22
/events/inverness-events/,182
/blog/congratulations-cohort-e29-graduates/?fbclid=IwAR31nwZqv61fm-SiOFNOG1QnV2VedrGabbeSaz_3uC2161M5ou8wS-Iyfg8,1
/blog/how-i-discovered-code/?fbclid=IwAR0fy42N_A99gouqrt8aayHMUkeINGeFXEEd-SKsIx_Pdj0-hMK5gUX7a6s,1
/about-us/join-us/careers-service-assistant/?fbclid=IwAR09Ks5Ci6HlkklsjSh0k2QzGDf7uUXnxY1kZmL7843afZV-RRYFjhTNZjM,1
/blog/congratulations-scottish-digital-tech-sector/,22
/blog/codebar-edinburgh-second-anniversary/,20
/blog/codeclan-contributing-to-scotlands-20bn-data-boom/?mc_cid=ee6dba1b4b&mc_eid=520bae8d8e,1
/about-us/join-us/technical-writer-for-data/?fbclid=IwAR0Iv8lkLe7S-5VDyqlshiK5V-s5xCbCv1hY5yXxxRGpZx_x1DLJms-1eCw,1
/?fbclid=IwAR2bD5U38MwHrYDfNkx2APx0LSXHTF1TTC_B8AvStSreS2WXDiOzFPzj_Hg,1
/?fbclid=IwAR3MLBfF_dcxpKsx3Mcc0cXp2VYATj4OPAulIzki7cl1Zhr1Vzt5QheHiPc,1
/blog/best-podcasts-.coders-programmers/,1
/about-us/join-us/events-manager/?fbclid=IwAR2QJYARaktyVGbBtyatPyZq84bYQMX4YKFpKYVHQGpDZ4sfokEkFJiJuRk,1
/blog/meet-our-graduates-alex-junior-software-developer/?fbclid=IwAR1puEhqB1cYJT08R6DgbsDproa9J8PH5CGnnJEDDaig4pVyk-UGAHkKSCA,1
/?fbclid=IwAR1AdrsFFneIpCFlg5FOb60tT-DQZd_FDp-X0VBEsr2H87B5I4MF6dRhnO4,1
/events/taster-sessions/,7
/blog/graduate-milestone-diversity/?mc_cid=387296b2e8&mc_eid=db857d121d,22
/about-us/join-us/sales-and-marketing-operations-coordinator/,88
/?p=18670&preview=true,1
/?page_id=18536&elementor-preview=18536&ver=1554465080,1
/about-us/join-us/social-media-and-digital-marketing-specialist/,143
/inverness/?fbclid=IwAR0GF6kG_Wyqv16oibX09DG6VdHKoD8iurON1jcJ1-5-W4VWH6B1RBloODg,3
/?fbclid=IwAR1PDLw_MSNbi6HVPFmw9HezZen5MbCCSDxq9ZHZUpKRq5k7hneWfKRsgvw,1
/blog/finding-a-career-you-love/,18
/blog/how-i-discovered-code/?fbclid=IwAR03ojR0K0eymlR4uW6MEl-QzHW7hZRbwQaRm4PF_QzT0vIpkeM2784wUw8,1
/?fbclid=IwAR2cJOmFkbmg26EgWl98hsqThL5cak1QL4KSuBEF6AY8gp1pZ2-mJy_7sJs,1
/blog/leaving-oil-gas-for-a-career-in-tech-roberts-story/?fbclid=IwAR0G8x4xkJ9eI2O9N6x69EQhkjXrI3tDTlt-kwjgCsLuyOZXaOyi3fb2uy4,1
/funding/,3
/inverness/?mc_cid=4f230ab388&mc_eid=c31c686ba6,2
/courses/professional-software-development/?mc_cid=fd09f18f12&mc_eid=e6887b462d,2
/blog/no-tech-background-no-problem-8-career-changers-from-different-backgrounds/,105
/events/info-taster-session-events/?fbclid=IwAR2LPLZWusX6C8t6GYFG8BA9dAfeXLPPofdyiwjq_vHHSW0DDaKbadfrZbk,3
/blog/how-i-discovered-code/?fbclid=IwAR08g7xE9VLpA7U8eoJol97TU2U7dQ9HhBQVrpqT-FN7QvNzbCoJw4l0k0g,1
/blog/ask-for-help-coding/,5
/inverness-events/,11
/events/info-taster-session-events/?mc_cid=04e78ebf46&mc_eid=479331ff72,2
/courses/ux-design-fundamentals/?mc_cid=669771da32&mc_eid=9efa5cd925,2
/?fbclid=IwAR158gdbc9a5PBT--xj7J4CGNxSXw6y6TGialCtMyqsZzLG1K_Uh25ZWUNc,1
/blog/kates-project-diary-an-android-food-tracking-app/,14
/about-us/join-us/events-manager/?fbclid=IwAR3NXAkKcVjHda1LAJVLY59cdKyrCMvO03fDtuHAYiZ4B3NZchg9wzZfJy8,1
/blog/author/jonathan/,5
/?fbclid=IwAR0WdjHLB20tD0cC9_KdiAfM0JzKNMEjH4SMsqTaGdQ8q733s2YK3HBy7U8,1
/blog/an-app-to-put-charity-shops-on-the-map/?fbclid=IwAR1B5lSCirNTwX-fnooavvPt24Yiv-FrC5LJqOsJCA44g0QTyl5CfM1He0c,1
/courses/r-programming/,2407
/blog/leaving-oil-gas-for-a-career-in-tech-roberts-story/?fbclid=IwAR2E1a7tgXRlLn3dszjdeskc2VI3tDkW3HiG-HhVQSuLWbLnbjjnFvSi6A4,4
/for-employers/community-outreach/,103
/blog/getting-job-in-tech-tips/?fbclid=IwAR0HhawgHLpDQgXBPcpDbT6M3FL2sITM2JAsM2NciZr0E9lJx3ZzGtQDND0,1
/blog/author/killian/,18
/blog/author/harry/,1
/blog/how-i-discovered-code/?fbclid=IwAR02eSPltT4gwbLOZ8LRS1ST2BoHB2-VdlEY7qnX717aDemc25PuY4qm9oU,1
/?fbclid=IwAR3EBrCpAUD85yWuhUVA1Fbiy1qUKDPB6cSuNsQpOppf_wN-3vNqDssNLso,1
/?fbclid=IwAR17ABor_bIt2IOnns1-GxEKm4om1290BPR7lE8mSJtNF6oKDRLDNmhHb_8,1
/blog/primary-teacher-to-java-developer/,10
/about-us/join-us/?fbclid=IwAR1xs3FqYzOfpRmIM5xXwB7DmYBXR2KNCsCYO1Z_voFOjNz-RiSUNiqb79k,1
/about-us/our-team/,1088
/blog/inspirational-women-tech/,40
/blog/congratulations-cohort-e29-graduates/?fbclid=IwAR31nwZqv61fm-SiOFNOG1QnV2VedrGabbeSaz_3uC2161M5ou8wS-Iyfg8,1
/courses/professional-software-development/cost-and-funding/?mc_cid=2371f5b213&mc_eid=40cd932ff0,2
/blog/codeclan-highlands-gets-a-space-in-wasps/?fbclid=IwAR1YkFtwO0_5zfCVsBUts_Vy-AcOgHtEY8BVMG0MXg37GIUCrMaLcGLatJE,1
/blog/leaving-oil-gas-for-a-career-in-tech-roberts-story/?fbclid=IwAR0uWnkDru2K2n66RA4E6dLEBdgCZB38Yq6_E2xBgy5y_TSG0k3IQxCDs5E,2
/digital-careers/support-engineer/,37
/admissions-track-3/,1
/highlands-academy/,509
/events/inverness-events/?mc_cid=4f230ab388&mc_eid=b160aa4411,15
/admissions-track/?elementor-preview=14841&ver=1558694366,1
/?s=E29,1
/blog/congratulations-cohort-e29-graduates/?fbclid=IwAR3RmLAvy_1wAwzsgqrAUAqodNVIyXN_xJN5rZimoDIOMKrENrnG9gzx7xo,1
/blog/meet-our-graduates-alex-junior-software-developer/?fbclid=IwAR1qh_fjXETh5rdOJsRl7AWWKOj79Nt7rUTZUNrNSC2Hly9gS6nx-YaLIzA,1
/blog/claires-ruby-project-cycle-ride-logging-application/,14
/about-us/join-us/training-advisor/,24
/blog/codebar-edinburgh-second-anniversary/?fbclid=IwAR2wYSDhP0NUWo7pWeMrjHlPzRI_civxj5WiS4UGAC7rQ1sXRw0MAuXbjMU,2
/blog/finding-creativity-through-code-meet-richard-product-manager-at-neu/?fbclid=IwAR3S6PALS2TatLM1u6PcFHSXFFBlq44N3WbyUdAzkkPdZK7OWCAM2sSzWm0,1
/events/,205
/blog/meet-our-grads-alex-self-published-game-developer/?fbclid=IwAR07rgNVULBjc7ERAq_px5Qr_tg6GvcDFdiBi02jvVlNbgOMk48Nh6ZaqcM,1
/blog/finding-creativity-through-code-meet-richard-product-manager-at-neu/?fbclid=IwAR2dx4i3IDbVVXTMIBpm6l1rh7YMSDwpfeeagx9MuBgswbXb6U69FcWKa6s,1
/inverness/?mc_cid=4f230ab388&mc_eid=782d250c92,5
/blog/overcoming-your-interview-fears/,36
/about-us/become-an-instructor/part-time-teaching/?fbclid=IwAR1JuFCadkq1SXEF2RURRouvVNR0t9-W_bxRslzziFi-bo_ZXHRRyHo_FrA,1
/about-us/join-us/marketing-sales-assistant/?fbclid=IwAR1Y8CfwkwQG8d-3CM704T247kNiqWMbFl9OXhnrNBnpxS1NwSGE3azPIC8,1
/?page_id=18192&elementor-preview=18192&ver=1553780787,1
/blog/apply-immersive-programming-course/,95
/?p=18670&preview=true,1
/blog/leaving-oil-gas-for-a-career-in-tech-roberts-story/?fbclid=IwAR3L_KNfC9rzjLWOYzqMTGRsyfdGlea4fYQNlIgH8YqMd8gbeZGAkdNxsxU,1
/blog/how-i-discovered-code/?fbclid=IwAR03ojR0K0eymlR4uW6MEl-QzHW7hZRbwQaRm4PF_QzT0vIpkeM2784wUw8,1
/blog/meet-our-graduates-alex-junior-software-developer/?mc_cid=39d929350b&mc_eid=cebb0ac4ef,2
/blog/meet-our-graduates-alex-junior-software-developer/?fbclid=IwAR0d29g210IZRI_9ng-99nLPhTkFaRCF2mmfl1UxSqPXmBAzXELC-9itj-I,1
/?fbclid=IwAR39ch4eDUUdSi0NgDDZysDzfoLoFRWyB8AxvCKAqaJSL6Aul6HwddweJgg,1
/blog/codeclan-highlands-gets-a-space-in-wasps/?fbclid=IwAR0-kTV9xLzbRj36WQIyefyl2Vgau_pxjnZ0RO71OFUJjhYxIHw1-xDO8Kk,1
/blog/hire-developer-screening-candidates/,93
/blog/melindas-memo-july-2019/?mc_cid=2fb4f83e69&mc_eid=73c83eca1a,2
/?fbclid=IwAR2lVZP00nO_g7HuQxccEEiwWfAEjEqVP4avn8pmSDQ4X7Re2EN5_PRxcAs,1
/courses/glasgow/,781
/events/inverness-events/?mc_cid=4f230ab388&mc_eid=4bc3f28d05,3
/blog/hire-developers-online-tests/,1066
/admissions-track-data/?elementor-preview=18536&ver=1554886417,1
/blog/finding-creativity-through-code-meet-richard-product-manager-at-neu/,136
/codeclan-store/order-complete/,2
/blog/meet-ally-software-development-instructor-at-codeclan/?fbclid=IwAR0HcQoD7F9vz04M0VOYXWOV79vfhBw72Uh07d8BwghRjLcFvuFNGO583Nk,1
/blog/melindas-memo-july-2019/?mc_cid=2fb4f83e69&mc_eid=d9bfec8eaa,2
/courses/professional-software-development/cost-and-funding/?mc_cid=fd09f18f12&mc_eid=7c9d1b95d2,7
/about-us/join-us/careers-service-assistant/?fbclid=IwAR12bGxKnPCUHsrT8Bzr-Oehtt83888B6nLylLiM-JG3dWQcR6rLoqqQvK4,1
/data-analysis-announcement/?mc_cid=b8adbaa012&mc_eid=6e299fb606,3
/blog/linda-scott-codeclan-cmo/?fbclid=IwAR27IGnfNiXEQbFein1boLyJvajyHlHelZW9M4ChA3VhHYfFnmRRVSjUF3g,1
/blog/free-courses-launched-techmums/,64
/digital-careers/product-owner/?fbclid=IwAR1dX3zZ2xohy9qy1Y-lifr4YEMpT4JUcCYG7SbPJL0YwF0sWwz7NUcsgH8,3
/blog/employers-catriona-dick-zonal/,18
/inverness/?fbclid=IwAR3jQkBkZ5JE7d62L05ogWN5Zv0Z8gjL-q8Kjn332unnnCtQG5EqoJFweeE,2
/about-us/join-us/events-manager/?fbclid=IwAR3NXAkKcVjHda1LAJVLY59cdKyrCMvO03fDtuHAYiZ4B3NZchg9wzZfJy8,1
/blog/category/whats-new/page/2/,6
/blog/claires-coding-journey-from-hobby-to-career/?fbclid=IwAR3Mdn7um2l8aUGBlSCT-SoLvoSjJxbO_-cDz1ZhCWdz-JOPxogoFshizsk,1
/blog/getting-job-in-tech-tips/?fbclid=IwAR0dp71xbroz-XIMIS6hYlnrHhCnqOYYBx0evduoLK0ZWGbaSnt9uMrW5h0,1
/blog/codebar-edinburgh-second-anniversary/?fbclid=IwAR2VJ0c9PFq2_UqN1UeQ4I3JARM2c6QETIlGP2FdKDhbWAI2qBzsJSMzDG0,1
/pre-course-work/,3990
/courses/professional-software-development/cost-and-funding/?mc_cid=fd09f18f12&mc_eid=c39e345940,2
/events/info-taster-session-events/?fbclid=IwAR2vVgPSNXA-Q35xEXlBKow-whX1OjvlL1af1EzMYVvIhi6XN9zTV1N1hY0,2
/blog/digital-development-loan/,136
/blog/meet-our-grads-alex-self-published-game-developer/?fbclid=IwAR1Vg8n9jd4MPJPv6Ep0cCitd9rJwQtzeLIPwMwSTDORUvPdlupalnWOY1s,2
/blog/leaving-oil-gas-for-a-career-in-tech-roberts-story/?fbclid=IwAR0CY_1iEZiWYurDsb1VeLYrZzDWcWZ242CfO6P2mpH9OCwufFfGJ3EPZ4E,1
/blog/leaving-oil-gas-for-a-career-in-tech-roberts-story/?fbclid=IwAR3k2N3saVbquTUSvFxi8fIX08F2mZUUBC_8zOC8qwk0ZCr1vcWI8WyRBHA,1
/blog/scottish-companies-tech-gender-gap/,63
/?fbclid=IwAR2Mbfj5zYIHvwJR8D8rqPf84UUKzGtSr8d4eRK3oMwWfF48blP9rhTWijY,1
/?fbclid=IwAR1sJUlFD-J8r6TUWNeTddFgWAgiPldbR-bMxlJuC3YtF6hpHHdC9kvZotk,1
/about-us/join-us/?fbclid=IwAR0ug377yUAG3bwYmg2xAXcpFFnjPTNLLUiH4sYhywbAt09Z_l8iZ1U0XUc,1
/blog/meet-our-graduates-daniel-at-dog/,239
/events/alumni-events/,40
/blog/whats-on-at-codeclan-this-april/,17
/codeclan-store/ultra-thick-navy-blue-hoodie/,16
/?fbclid=IwAR2lVZP00nO_g7HuQxccEEiwWfAEjEqVP4avn8pmSDQ4X7Re2EN5_PRxcAs,1
/blog/9-websites-start-coding-journey/?mc_cid=6eb5122af8&mc_eid=7d7121b54f,1
/blog/meet-our-graduates-alex-junior-software-developer/?fbclid=IwAR1NcDCv_WYey4mwb36AyejDhRjMbTZlyUZqKEUoZj0lrh9LYFxPBcV7sZI,1
/blog/meet-our-grads-alex-self-published-game-developer/?fbclid=IwAR1eCCdAC9a5kqT543Bmoj40nDuubea70NOWUhAHqfsg_Y8llz9lfcBZGf4,1
/?fbclid=IwAR23UpyP2py-IeD2Y-adGKIpd0NBx26wPL3-jD8pAe-YUP7tDEFg8K5-iGg,1
/blog/congratulations-cohort-e29-graduates/?fbclid=IwAR3FnFs3fj7T5XAo0O0NqrYSfwNgN2eFuQq7UFvFwc19iGeia5H6Auh8-sk,1
/blog/tag/funding/,5
/data-analysis-announcement/?fbclid=IwAR0U0z5NEhkcplhzZKTWIp-RLqVFjsME8shL798TW_HGwPAEDN_yNxd_8fQ,15
/about-us/join-us/social-media-and-digital-marketing-specialist/?fbclid=IwAR0OFci6Uug36BWJapLPzFjoEZvGRfD4HbDcZFjbignCuAzEJybqpkp8m0E,1
/blog/category/industry/,2
/blog/melindas-memo-july-2019/,9
/blog/meet-our-graduates-daniel-at-dog/?mc_cid=0b5d0b7482&mc_eid=d278663662,3
/blog/scotland-demand-for-developers-growing/,45
/blog/codeclan-highlands-gets-a-space-in-wasps/?fbclid=IwAR1-cbbCoYYdAE2r4JAWmTDA3cGmgVCV1OhA23TyRGPTGAzCMF6OEalNImU,1
/blog/finding-creativity-through-code-meet-richard-product-manager-at-neu/?mc_cid=39d929350b&mc_eid=c200c86743,3
/courses/professional-software-development/apply/course_application_0,2
/about-us/join-us/business-and-finance-operations-administrator/?fbclid=IwAR1UB-n3yKSY06heaBzSQhmmZq49CGwH47eZBCtIhOSA6Npt1e2lhfTufkY,1
/blog/finding-creativity-through-code-meet-richard-product-manager-at-neu/?fbclid=IwAR0A-EqttBiAqPTr_U_EDBxJ0sD2MWO716rF84uc6XDUX4trpTCbmPEXSm0,1
/blog/career-change-developer/,10
/about-us/join-us/careers-service-assistant/?fbclid=IwAR12bGxKnPCUHsrT8Bzr-Oehtt83888B6nLylLiM-JG3dWQcR6rLoqqQvK4,1
/courses/professional-software-development/apply/,930
/blog/finding-creativity-through-code-meet-richard-product-manager-at-neu/?fbclid=IwAR3Klv5yPWJs0ZzeoiJpafD9BtV7AuZbMx9RAveO8DAogg-0rpA51ryUENI,1
/blog/retrain-as-a-data-analyst/,57
/about-us/join-us/events-manager/?fbclid=IwAR0WsfelEqPY7AnR9VUUNW0m0mEnLuB2-m24Ql3Ayh1i5K5Dz0C5iFoNjQU,1
/about-us/our-team/?elementor-preview=61&ver=1556273384,1
/blog/claires-coding-journey-from-hobby-to-career/?mc_cid=04e78ebf46&mc_eid=5a6c891894,1
/digital-careers/software-developer/,148
/students/5,4
/blog/codeclan-highlands-gets-a-space-in-wasps/?fbclid=IwAR38BYe9WlItLluqHBGj1GnVabG8TbvleBF_oMkpnQI_2r5-rtrSGkLNs58,1
/?elementor-preview=15&ver=1556867074,1
/about-us/become-an-instructor/?fbclid=IwAR11eYk6-jzdhsIi2cvB3PJuGGao6ixGXsD_xB8cKMJsWKt7g1FQiYUwuvU,1
/blog/an-app-to-put-charity-shops-on-the-map/?fbclid=IwAR0WbwxwNlPaP2QowCOIZIZ-R9ZGbMSzyTb7NEPrK3D6npwBr8h99prmY58,1
/blog/melindas-memo-july-2019/,9
/digital-careers/ux-consultant/,29
/blog/page/3/,8
/blog/author/brian/,4
/blog/codeclan-highlands-gets-a-space-in-wasps/?fbclid=IwAR054sUzBc3T8-aZPCqj1O6eKf6Xu3035-EcUWCj-zMbYg8BA3NnJIf4urg,1
/?s=Nevin,1
/blog/graduate-milestone-diversity/?mc_cid=387296b2e8&mc_eid=db857d121d,22
/blog/claires-coding-journey-from-hobby-to-career/?fbclid=IwAR2frX8QwIFWpXwylSCoosf5gDvQNouUUIRoXKiiAkxwZC2zutjJrbc2tMs,1
/blog/introducing-project-showcase/,5
/blog/most-asked-questions/,180
/data-analysis-announcement/cost-and-funding/?mc_cid=fd09f18f12&mc_eid=9eb1bc07fb,2
/blog/meet-our-graduates-daniel-at-dog/?mc_cid=0b5d0b7482&mc_eid=9055686d5f,2
/?fbclid=IwAR17ABor_bIt2IOnns1-GxEKm4om1290BPR7lE8mSJtNF6oKDRLDNmhHb_8,1
/blog/congratulations-scottish-digital-tech-sector/,22
/admissions-track-data/?elementor-preview=18536&ver=1554886417,1
/blog/towards-a-diverse-tech-industry-meet-vicky-junior-software-developer/?fbclid=,35
/data-analysis-announcement/?mc_cid=b8adbaa012&mc_eid=6e299fb606,3
/?p=17310&elementor-preview=17310&ver=1551716450,1
/courses/16-week-course/apply/,52
/blog/getting-job-in-tech-tips/?fbclid=IwAR0FC3iJThQlV-nIqsTHKGDyBUEVgMgn_j0-u9msoZKKPEAqClXH78HajxI,1
/blog/say-hello-to-edinburgh-cohort-33/,33
/courses/statistical-modelling/,168
/blog/congratulations-cohort-e29-graduates/?fbclid=IwAR3FnFs3fj7T5XAo0O0NqrYSfwNgN2eFuQq7UFvFwc19iGeia5H6Auh8-sk,1
/blog/codeclan-data-analysis-course-diary-001/?fbclid=IwAR3RvGe6J2B4FT4QLXDADjtc4LVt81NQaslTTObvM5juLSswrNWq9Ti1N5k,1
/blog/meet-our-graduates-daniel-at-dog/?fbclid=IwAR3q7hvlIl4tKQ7p39MZh0u-9LU47yI53DO4ujNPWNLcfOIVYy-jxouaOC8,2
/courses/full-stack-web-development/cost-and-funding/?mc_cid=fd09f18f12&mc_eid=c39e345940,2
/codeclan-store/box-black-t-shirt/,2
/blog/codeclan-contributing-to-scotlands-20bn-data-boom/,95
/blog/codeclan-data-analysis-course-diary-001/?fbclid=IwAR02u6_TbgLXmjG49EuXlalSELZMBIriUXeao-aZWH9Qpy6jThWqtuWkHGY,3
/blog/graduates-journalist-junior-developer/,27
/inverness/?mc_cid=4f230ab388&mc_eid=c31c686ba6,2
/events/info-taster-session-events/?mc_cid=04e78ebf46&mc_eid=ce4326d935,2
/courses/professional-software-development/apply/?mc_cid=2371f5b213&mc_eid=8f7c00e9ce,4
/courses/full-stack-web-development/apply-inverness/,131
/blog/7-celebrities-didnt-know-code/,1088
/courses/professional-software-development/apply/course_application_2,334
/about-us/join-us/training-advisor/,26
/blog/codeclan-launches-new-data-analysis-course/?fbclid=IwAR2u8QsSnIMSUqbm-zMQyPOWrnIsl9uHqn8-4upDJWYTeyQFgPj7aP2HRDE,1
/about-us/become-a-data-instructor/,95
/blog/apply-immersive-programming-course/,93
/?p=18670&preview=true,1
/blog/how-i-discovered-code/?fbclid=IwAR258vd-4zhJGk7ylxj5fxb_p_y_8fzBCkkRt47R0ZD1OXZRSyVtgAS5wmg,2
/blog/tech-boom-campaign/,27
/blog/codeclan-launches-new-data-analysis-course/?fbclid=IwAR2u8QsSnIMSUqbm-zMQyPOWrnIsl9uHqn8-4upDJWYTeyQFgPj7aP2HRDE,1
/blog/learn-to-code-working/,733
/data-analysis-announcement/?mc_cid=b8adbaa012&mc_eid=c0896f642e,2
/blog/hire-developer-screening-candidates/,95
/blog/towards-a-diverse-tech-industry-meet-vicky-junior-software-developer/?fbclid=IwAR3s6HN1-bIy94lppN8C6DhtUjUSA9wdOhmS2IJfEK8AK15yQbIuzVWrNfg,3
/about-us/join-us/careers-service-assistant/?fbclid=IwAR1LxJ7ljgjdo233imTIgWwewHlyD_wEMZS3-ka7BjKjWQVwGQuWE-mPhew,2
/blog/codeclan-contributing-to-scotlands-20bn-data-boom/,99
/?fbclid=IwAR1sJUlFD-J8r6TUWNeTddFgWAgiPldbR-bMxlJuC3YtF6hpHHdC9kvZotk,1
/blog/codeclan-launches-new-data-analysis-course/,49
/blog/leaving-oil-gas-for-a-career-in-tech-roberts-story/?fbclid=IwAR3wTwEytj3Hcox8C_-yhwEgu-EBkMAFiVZYyTVQHMbH2bg2tayoL4OKZDE,1
/courses/professional-software-development/apply/course_application_1,43
/blog/codeclan-launches-new-data-analysis-course/?fbclid=IwAR1eZXTM5sL8_4zN_2IURB5PZtBwpxUlqtYm4bGP4R-_gcFmby2NDCGf41U,1
/courses/intro-to-r/,717
/blog/finding-your-feet-when-train-work-digital-alumni-advice/?fbclid=IwAR0mTcbdOv0Sno5r0LFsQ1KAiUqT70DF_xd8z9bzxu5LjR7fW9FsHnwcFwU,1
/blog/introducing-project-showcase/,5
/?fbclid=IwAR3ULH_q8yIl_xr505IMLwI2yik_K4dSjuOFPYU7jU3AA-tWKlCTUbit9Fg,1
/blog/codeclan-highlands-gets-a-space-in-wasps/?fbclid=IwAR1PnqDcKPXntCyVmyB65OnPJl4yEVuLSUy-YgGCZC9I-CjGdxSHZA3AFgw,1
/codeclan-store/,198
/blog/day-life-software-developer/,40
/data-analysis-announcement/?fbclid=IwAR0YHtPCad9T_H-x28SMzFtmO1JaNM8sWkrY2qZZYumTtFyZZ09GwW6CTiQ,2
/blog/page/6/,4
/data-analysis-announcement/?mc_cid=b8adbaa012&mc_eid=6e299fb606,3
/blog/how-i-discovered-code/,103
/courses/agile-for-effective-teams/?fbclid=IwAR0Zxj9rqYk-y8vRGfVBMq3snrNfbA9HBdVvN2o7ffSclTyNJtM_D89iWAQ,2
/blog/congratulations-scottish-digital-tech-sector/?fbclid=IwAR1HyovCJx6mCa5aLYFc-KG-FZjdIVbBnTC7pxqAZNPb5Wi7lHnm4sNAI_c,1
/blog/congratulations-cohort-e29-graduates/?fbclid=IwAR0RgkeDmALFfOWBUprpxgTCeeoeirQlyMQBd0v8elbhzMiuGdLCDs9YJHw,1
/about-us/join-us/?fbclid=IwAR03v0xKXWO5WMWJZ2X2uaNkdp60qDjswCUqNe7hty6z9Wt7VxbjzXU-djw,1
/blog/codeclan-ceo-melinda-matthews/,229
/blog/tag/scholarship/,7
/admissions-track-data/?elementor-preview=18536&ver=1554886417,1
/?fbclid=IwAR2t4KiGiDDvVr8I1RvRTTTlr4E997rRrMXs4BAz3NgIO9IY85790bq71zk,1
/blog/codeclan-students-natasha-glasgow/,14
/about-us/join-us/technical-writer-for-data/?fbclid=IwAR15R1NZcq5JzjqH6A4lSakcR_sN9N0b4qgBOFs-ZHcSpvgRudArmg5_D5s,1
/blog/meet-our-graduates-alex-junior-software-developer/?fbclid=IwAR0_uqrRNQwi9lCDvcWLifCn7UdVC72CCNi-3FVYe0YNX_Yzpi6dCDFeM7g,1
/blog/category/careers-in-tech/,59
