pagePath,pageviews
/blog/how-i-discovered-code/,166
/courses/professional-software-development/cost-and-funding/?mc_cid=39d929350b&mc_eid=f6b4c1b8d7,4
/events/info-taster-session-events/?mc_cid=0b5d0b7482&mc_eid=6f6734f9a3,3
/courses/thank-you-for-joining-our-bespoke-course/,10
/blog/find-inspiration-kats-student-project/,7
/blog/no-tech-background-no-problem-8-career-changers-from-different-backgrounds/?mc_cid=93a9092e93&mc_eid=53adfd05e5,3
/?elementor_library=course-form&elementor-preview=7926&ver=1554901214,1
/?preview_nonce=6f37cad841,2
/courses/ux-design-fundamentals/?mc_cid=669771da32&mc_eid=9efa5cd925,2
/blog/tag/coding/page/4/,5
/events/info-taster-session-events/?mc_cid=04e78ebf46&mc_eid=ce4326d935,3
/blog/an-app-to-put-charity-shops-on-the-map/?fbclid=IwAR1lv9yup25sMA-SA7YYlwIJGIgJx6bjRUqq6dnNyISqCT4oghEuknZdqcU,2
/courses/full-stack-web-development/,3603
/blog/no-tech-background-no-problem-8-career-changers-from-different-backgrounds/?mc_cid=93a9092e93&mc_eid=9707d1d662,3
/?mc_cid=669771da32&mc_eid=[UNIQID,10
/data-analysis-announcement/?mc_cid=b8adbaa012&mc_eid=ebd461a498,2
/blog/leaving-oil-gas-for-a-career-in-tech-roberts-story/,282
/blog/meet-our-graduates-alex-junior-software-developer/?mc_cid=39d929350b&mc_eid=5eaf4e654c,4
/?s=E29,3
/courses/full-stack-web-development/cost-and-funding/?mc_cid=fd09f18f12&mc_eid=7c9d1b95d2,2
/?fbclid=IwAR1A4TetFRGF1Sxv20ffYsCsCIdBaAvF4j2XOEHek1HmjsjeMlZr2dCMIyg,1
/courses/full-stack-web-development/apply-inverness/course_application_hie_0,3
/blog/category/events/,2
/blog/,1660
/webinars/?fbclid=IwAR1zH0KUz9QE-ljSmzGePGafkeY9VRYKhwWZbr7iVPLfFThwDXTSvb_P8aQ,2
/data-analysis-announcement/?fbclid=IwAR0U0z5NEhkcplhzZKTWIp-RLqVFjsME8shL798TW_HGwPAEDN_yNxd_8fQ,16
/blog/author/brian/,10
/courses/professional-software-development/cost-and-funding/?mc_cid=93a9092e93&mc_eid=b7a321a23c,2
/events/info-taster-session-events/?mc_cid=0b5d0b7482&mc_eid=6f6734f9a3,3
/inverness/?mc_cid=4f230ab388&mc_eid=372fc97a84,2
/blog/tag/alumni/,12
/blog/student-codeclan-expect-prepare/,76
/the-codeclan-experience/,917
/data-analysis-announcement/,7353
/blog/9-common-misconceptions-coding/,184
/blog/author/codeclan/,23
/Edinburgh/,274
/blog/meet-our-graduates-tom-software-developer-inoapps/,44
/blog/meet-our-partners-airts/,56
/brand,4
/?fbclid=IwAR1D3IO8uJEaasaOnYo27cSgYatVgkXwt2vphbkhjFKQfqKoQ0zHWCXsAjU,1
/events/glasgow/?fbclid=IwAR2IQAbka-Ky0A0tCKnSBzxAkwij-rhcq5xYeyW3vGojieLNmPXA0lJLrbs,4
/blog/ewa-jamie-martas-app-play-store/,19
/events/info-taster-session-events/?mc_cid=0b5d0b7482&mc_eid=4f39d5fe14,2
/blog/scotland-place-to-work-digital/,8
/courses/professional-software-development/cost-and-funding/?mc_cid=39d929350b&mc_eid=7c9d1b95d2,2
/?elementor-preview=15&ver=1556287172,2
/?fbclid=IwAR1-Yd9BYTwzhIy4if-GDUA2LiEzh4Wl6Gzzki-bGsnb1M_5tjYFiVVxsN4,1
/blog/meet-our-graduates-alex-junior-software-developer/?mc_cid=39d929350b&mc_eid=c844305ffb,2
/blog/glasgow-coding-bootcamp-career/,122
/?fbclid=IwAR1CJaVbK9_LHGGJfIeEF7aPiYgQXFuxiK89Hv7OHi_rFMK2JYat97LmzF8,1
/blog/welcome-to-our-commercial-director/,53
/data-analysis-announcement/apply-for-data-analysis/?fbclid=IwAR14itoq9Bu33acRg21zwqblE1UJeihr-kmSY6RVU2pIjkM3RHEUvEceyRY,3
/?elementor_library=course-form&elementor-preview=7926&ver=1554912512,1
/courses/ux-design-fundamentals/?mc_cid=669771da32&mc_eid=3a3fc8b2bd,2
/blog/new-funding-opens-up-careers-in-coding/?fbclid=IwAR1FF3Tq4erEaY5Vgy8wzCM5FeuEZTqHWMOknxq1dwbGU8DOMAiMS76SRG8,2
/events/info-taster-session-events/,3963
/blog/category/inspiring-stories/page/2/,81
/blog/leaving-oil-gas-for-a-career-in-tech-roberts-story/?fbclid=IwAR0QrsE-fpWltN6STXvEbBkYGUkHuaQkj8z_mfbubwOZ8OWDPG9ssqzxzWM,3
/data-analysis-announcement/?fbclid=IwAR0U0z5NEhkcplhzZKTWIp-RLqVFjsME8shL798TW_HGwPAEDN_yNxd_8fQ,17
/?fbclid=IwAR12M6xp2mHmjpgMVNEF4aITS2wsVVBsHCUNdZGp3iweNCyx9fBFj6cnexs,1
/data-analysis-announcement/apply-for-data-analysis/?fbclid=IwAR0pcfuWM_vTgkKt9srockNwroPSBt5dSQPI3D9lg_bovL_ZAtVbGXsYwqk,2
/blog/tech-boom-campaign/?mc_cid=04e78ebf46&mc_eid=b9cca17ee1,3
/blog/meet-our-graduates-alex-junior-software-developer/?fbclid=IwAR2yddgFbG1pu1_yxuHsxVjpDGm1Rt08kRRjlLympm4cLvn99vsY18ZU9uY,3
/courses/professional-software-development/?mc_cid=fd09f18f12&mc_eid=1bf7ec2b12,2
/admissions-track-3/,2
/digital-careers/test-engineer/?fbclid=IwAR2whOxdHyNq4hhkjbtDag3YBVuC-qM9_0Him5ZYIqF50MTm42wVFolbn90,3
/?fbclid=IwAR1-Yd9BYTwzhIy4if-GDUA2LiEzh4Wl6Gzzki-bGsnb1M_5tjYFiVVxsN4,1
/blog/meet-our-graduates-daniel-at-dog/?fbclid=IwAR3q7hvlIl4tKQ7p39MZh0u-9LU47yI53DO4ujNPWNLcfOIVYy-jxouaOC8,2
/?elementor-preview=15&ver=1556269108,1
/courses/professional-software-development/cost-and-funding/?fbclid=IwAR3zM6VTwfTar_rAK3VNt_wdD9c2O5oKMcViv3REfodTuIQZm9AtBMocIQ8,2
/courses/full-stack-web-development/?fbclid=IwAR0eK84qakF1kJmA_2j0TxzgfOvnMRwCoxR0zTbFFo9aI7rZgLjk7k_x8Ng,2
/inverness/?mc_cid=4f230ab388&mc_eid=471abb0397,2
/courses/professional-software-development/?fbclid=IwAR10SB4X7omSsn7JjXA_BxYFjfMVtGT1IYp7fRVVuh0fJ4b8I7-c4rPXA-g,2
/blog/new-funding-opens-up-careers-in-coding/?fbclid=IwAR2-g4KE0ReKEpTj_am3jXpOv5OTXxZp-s9TxtN7SfTTRa5FcmatSnbPlgI,2
/events/taster-sessions/,36
/courses/professional-software-development/cost-and-funding/?mc_cid=fd09f18f12&mc_eid=b8ce51b97e,2
/blog/no-tech-background-no-problem-8-career-changers-from-different-backgrounds/?mc_cid=93a9092e93&mc_eid=e8d4f00c1e,5
/blog/no-tech-background-no-problem-8-career-changers-from-different-backgrounds/?mc_cid=93a9092e93&mc_eid=e8d4f00c1e,4
/courses/professional-software-development/cost-and-funding/?mc_cid=39d929350b&mc_eid=3232c3d7ef,2
/blog/celebrate-joint-graduation/,19
/courses/full-stack-web-development/?mc_cid=669771da32&mc_eid=a93a2f0eba,2
/inverness/?fbclid=IwAR1HjOJDEKnOfSv0mNavP5QciHuZyfGNBNOypzHK6zFU6LNzLEu9dCCUodQ,2
/events/inverness-events/?fbclid=IwAR3r_LotPBDCmZmXc_Fx36KEDc36jM9BMy7Vr0hHT5sFQfn9erwppIpCajQ,2
/events/inverness-events/?mc_cid=4f230ab388&mc_eid=34a60f37e9,3
/blog/hire-developers-online-tests/?fbclid=IwAR2Jcf1fHK0EZXy62rOyVCl6CjlJLYZy8Strz2_nnV1h4-ju2cE9atVwR_g,2
/events/glasgow/?fbclid=IwAR2IQAbka-Ky0A0tCKnSBzxAkwij-rhcq5xYeyW3vGojieLNmPXA0lJLrbs,4
/?s=Pre+course+work,2
/?page_id=18192&preview_nonce=9896e7980a&preview=true,3
/blog/making-a-bold-statement-in-2019/,7
/events/,1347
/about-us/join-us/technical-writer-for-data/?fbclid=IwAR0eMP0vT08rDf3LDr2-p6Uc2885f_LJvsc5gm545LLrVLeN0_VdjTG0cP4,13
/?elementor-preview=15&ver=1556269108,1
/blog/graduate-milestone-diversity/?mc_cid=387296b2e8&mc_eid=db857d121d,30
/?s=ruby+on+rails,2
/data-analysis-announcement/?mc_cid=b8adbaa012&mc_eid=9c0d520937,6
/blog/codebar-edinburgh-second-anniversary/,30
/blog/welcome-codeclan-g14/,57
/blog/tag/registers-of-scotland/,2
/inverness/?mc_cid=4f230ab388&mc_eid=782d250c92,7
/?elementor-preview=15&ver=1558000652,1
/blog/scotland-place-to-work-digital/,6
/courses/thank-you-for-joining-our-ux-design-fundamentals​-course/,3
/blog/introducing-project-showcase/,17
/events/info-taster-session-events/?mc_cid=39d929350b&mc_eid=b626553ac9,4
/blog/codeclan-data-analysis-course-diary-001/,137
/about-us/join-us/highlands-centre-coordinator/,65
/blog/author/kat/,4
/?fbclid=IwAR01qY-wR_viZORC59sI_FfLo0VCJAz6uVwRQ53H_PNJbhDkNmH-5O2pFVE,1
/data-analysis-announcement/apply-for-data-analysis/data_analysis_application_0,2
/admissions-track/,2608
/events/info-taster-session-events/?mc_cid=0b5d0b7482&mc_eid=6f6734f9a3,3
/wp-login,2
/blog/getting-job-in-tech-tips/?fbclid=IwAR3j9sJBGfvOxbSwQxwo2zzWdqfmFeeAvgydvQDZXi96nVElwBb6yNShiXE,2
/events/inverness-events/?mc_cid=4f230ab388&mc_eid=4682c4eed6,2
/?fbclid=IwAR3YbeEbV6G3b-PUNdE2WgOGNGTHRk2oFpqkxE143RfIoeaS8VT8HpHwnnI,3
/blog/graduates-john-oil-gas-java/,10
/?fbclid=IwAR1Eo7zHAySkx62GUkKhRcE82ZNxsC2nS6dCx00I6cFt9W0vkzI2l9Ldi6g,1
/courses/,40899
/blog/no-tech-background-no-problem-8-career-changers-from-different-backgrounds/,254
/data-analysis-announcement/?mc_cid=b8adbaa012&mc_eid=e3a30d43ea,2
/?page_id=18011&elementor-preview=18011&ver=1553449597,2
/courses/understanding-programming/,1660
/inverness/?mc_cid=4f230ab388&mc_eid=6b4f005285,2
/blog/meet-our-instructors-keith/,38
/courses/professional-software-development/?mc_cid=fd09f18f12&mc_eid=e6887b462d,2
/blog/claudia-career-change-developer/,6
/blog/meet-our-graduates-daniel-at-dog/?mc_cid=0b5d0b7482&mc_eid=7353c909d2,2
/courses/professional-software-development/?mc_cid=fd09f18f12&mc_eid=c200c86743,2
/admission-track/,2
/courses/professional-software-development/curriculum/,4753
/about-us/join-us/social-media-and-digital-marketing-specialist/,202
/blog/learning-from-failure/,10
/events/info-taster-session-events/,3820
/blog/ask-for-help-coding/,15
/courses/professional-software-development/,9511
/blog/primary-teacher-to-java-developer/,54
/about-us/join-us/social-media-and-digital-marketing-specialist/,202
/blog/fiona-adam-talk-ux-human-choices-bad-websites/,13
/blog/fiona-adam-talk-ux-human-choices-bad-websites/,13
/events/info-taster-session-events/?fbclid=IwAR2LPLZWusX6C8t6GYFG8BA9dAfeXLPPofdyiwjq_vHHSW0DDaKbadfrZbk,3
/courses/thank-you-for-joining-our-ux-design-fundamentals​-course/,3
/jointheclan/,10
/?fbclid=IwAR19KJnVg2ZcUIGrWBzm7tfCb5slPqW7vsfkkVINrpUj6tJrOhruuxlgPnI,1
/blog/learning-from-failure/,12
/campuses/,121
/blog/meet-wojtek-ux-veteran-and-codeclan-instructor/,45
/data-analysis-announcement/?mc_cid=b8adbaa012&mc_eid=db4c47f4ea,2
/blog/hire-developers-online-tests/?fbclid=IwAR2Jcf1fHK0EZXy62rOyVCl6CjlJLYZy8Strz2_nnV1h4-ju2cE9atVwR_g,2
/?elementor-preview=15&ver=1556272576,1
/data-analysis-announcement/?fbclid=IwAR1sztX8YeI5SvAiw-PEXd9WDBSLEMV_Hjap5g9lIpyv0BHpQcIb7RVG5Wc,4
/courses/professional-software-development/cost-and-funding/?mc_cid=fd09f18f12&mc_eid=a690481fd6,2
/courses/thank-you-for-joining-our-programming-with-r-course/,8
/tech-boom/?mc_cid=04e78ebf46&mc_eid=88e46d9b06,2
/courses/professional-software-development/?mc_cid=04e78ebf46&mc_eid=f29e5546d3,2
/courses/professional-software-development/?fbclid=IwAR2z9VMcGLefqNNUk6ql_dUDosHw8vByHCw0VWlnKisY0lv5PQsijhPzPcI,2
/?fbclid=IwAR08GRlSkM9xleI8jPZMzpyaJjWpH10Wqb_MhEh2teCm0bIEYDGoLe3-74A,1
/?fbclid=IwAR04Dtda2BWnT-PtHv-zVsAvdUKLmFYp_k9trbx5ZVZYr6KwZrOR1GrLv_I,1
/blog/primary-teacher-to-java-developer/?mc_cid=e8f21b5df2&mc_eid=82536f3aec,3
/blog/codeclan-highlands-gets-a-space-in-wasps/?fbclid=IwAR2RuLXMWh0lQPaHEioquZ5ZCrWkQ52o1Lcym7kGGqOuAojz3GU8VXBPtTE,5
/for-employers/,2144
/glasgow/?fbclid=IwAR19KkfyKdPzpbQjGZ4sqQ8tKz_hPPl6NaXZ9LWEf1PNkkpwZnfdcnkBtHA,2
/courses/professional-software-development/?mc_cid=2371f5b213&mc_eid=dd87459ffb,2
/?fbclid=IwAR0wGOI4BTNM5z5wz9ii14dWspsqj5AH0UavN6EeVdN9zSslsSXqsI85VVw,1
/blog/graphic-designer-trainee-software-developer-meet-tahnee/,47
/?elementor_library=blog-posts-marcin&elementor-preview=9543&ver=1561709677,2
/blog/melindas-memo-august-2019/,53
/blog/author/gillian/,14
/events/info-taster-session-events/?mc_cid=93a9092e93&mc_eid=9f883cb36a,2
/data-analysis-announcement/?mc_cid=b8adbaa012&mc_eid=8086903167,2
/courses/thank-you-for-joining-our-programming-with-r-course/,7
/digital-careers/support-engineer/,153
/scotland/,13
/blog/page/13/,11
/blog/category/careers-in-tech/,323
/codeclan-store/zipped-navy-blue-hoodie/,23
/blog/melindas-memo-july-2019/,47
/?fbclid=IwAR0sp30qpcHFjeaHjfyD4gUnbbM2nhsc8M5tzyITabGJ5lINknfEEybcaGo,1
/ncw-2018/,2
/blog/newsdirect-client-xperience-interview/,44
/courses/?mc_cid=45d309ea09&mc_eid=e200d63a31,2
/blog/melinda-shortlisted-swit-award/,12
/turing/,2
/blog/make-most-of-github/,126
/blog/scottish-minister-helps-codeclan-highlands-open-for-business/,6
/data-analysis-announcement/?mc_cid=b8adbaa012&mc_eid=3e279c3ed1,2
/courses/professional-software-development/cost-and-funding/?mc_cid=2371f5b213&mc_eid=4f08481772,2
/?p=21341&preview=true&_thumbnail_id=21343,3
/for-employers/,2081
/blog/national-coding-week-2018/,36
/digital-careers/product-owner/?fbclid=IwAR1dX3zZ2xohy9qy1Y-lifr4YEMpT4JUcCYG7SbPJL0YwF0sWwz7NUcsgH8,3
/ncw-2018/?preview_id=13830&preview_nonce=1fd00f13f0&_thumbnail_id=-1&preview=true,3
/courses/thank-you-for-joining-our-visualisation-course/,4
/?fbclid=IwAR1-Yd9BYTwzhIy4if-GDUA2LiEzh4Wl6Gzzki-bGsnb1M_5tjYFiVVxsN4,1
/glasgow/?fbclid=IwAR19KkfyKdPzpbQjGZ4sqQ8tKz_hPPl6NaXZ9LWEf1PNkkpwZnfdcnkBtHA,2
/events/info-taster-session-events/?mc_cid=44e8a9ea68&mc_eid=1a2076222b,2
/courses/professional-software-development/cost-and-funding/?mc_cid=fd09f18f12&mc_eid=7c9d1b95d2,8
/courses/apply-for-data-analysis/,2
/?elementor_library=course-form&elementor-preview=7926&ver=1554912512,1
/courses/professional-software-development/student-case-studies/,419
/blog/our-guide-to-funding-our-full-time-courses/,234
/blog/meet-our-graduates-daniel-at-dog/?mc_cid=0b5d0b7482&mc_eid=7ed9838d88,2
/courses/professional-software-development/?mc_cid=669771da32&mc_eid=050dadd5cf,3
/courses/professional-software-development/?mc_cid=fd09f18f12&mc_eid=7903d365b4,2
/blog/meet-our-graduates-daniel-at-dog/?mc_cid=0b5d0b7482&mc_eid=40cd932ff0,2
/?p=20474&preview=true,2
/inverness/?mc_cid=4f230ab388&mc_eid=4bc3f28d05,2
/blog/introducing-project-showcase/,17
/blog/new-partner-programme-coming/?mc_cid=ac9308719b&mc_eid=4668aeedda,2
/blog/meet-our-graduates-alex-junior-software-developer/,243
/?fbclid=IwAR1DXdGrFwr2Al8mVBEsocBYIYkSD48NjweaYbnCowyXDfwI-aFvylU_qvc,1
/?elementor_library=blog-posts-marcin&elementor-preview=9543&ver=1561710380,1
/about-us/join-us/careers-service-assistant/?fbclid=IwAR3EAMe2X9ZJ2lS40w48ds28aovfJkelwykKhBrUwn9o3BVjwKqY-JtVTVU,2
/events/info-taster-session-events/?fbclid=IwAR2LPLZWusX6C8t6GYFG8BA9dAfeXLPPofdyiwjq_vHHSW0DDaKbadfrZbk,3
/blog/2016/09/,2
/data-analysis-announcement/?mc_cid=b8adbaa012&mc_eid=ce4326d935,4
/pre-course-work-data-analysis/,274
/blog/new-funding-opens-up-careers-in-coding/?fbclid=IwAR2-g4KE0ReKEpTj_am3jXpOv5OTXxZp-s9TxtN7SfTTRa5FcmatSnbPlgI,2
/about-us/join-us/careers-service-assistant/,253
/courses/professional-software-development/charlotte-case-study/,122
/?fbclid=IwAR14MJOSG5_mZZdYj3pA7UW9Btm4PdomRhPEqjcHhLir3gty1GuIr-rb30U,1
/courses/full-stack-web-development/cost-and-funding/?mc_cid=fd09f18f12&mc_eid=36b40b93e9,2
/?fbclid=IwAR1aECmdF9P_23wdEQcdjZAvM75EV9a4DovuoJXGvRDDrLsmuvdWVWvg6YM,1
/inverness/?mc_cid=4f230ab388&mc_eid=471abb0397,2
/courses/edaid-apply/psd/course_application_2,3
/blog/category/inspiring-stories/page/2/,77
/blog/category/industry/,6
/codeclan-store/light-blue-c-t-shirt/,11
/courses/r-programming/?fbclid=IwAR0yr_JZArXvTgv3qsqfC1JBKoPnmVlEq_p3Sv2ujXkTEhb4I-oxGB46IAw,2
/events/info-taster-session-events/?fbclid=IwAR1euusgrDXYvkYv-COWm8iG0zGtGMIclJfG9Spnt6r2PVezvh4O74keUsQ,2
/courses/professional-software-development/cost-and-funding/?mc_cid=93a9092e93&mc_eid=84bbeb6ccc,8
/inverness/?fbclid=IwAR2PUesPYgjK5TGaeGfe3R6sIiH1_k692zlG7_AEPa-Yf2OYOl2HN3_UGl4,2
/blog/congratulations-cohort-e29-graduates/?fbclid=IwAR2aV2GeMa8cZPoSnfA23iUPhGJEIRrd6oihzduvHi0cPudgr74yX4RBSRI,27
/?fbclid=IwAR1Lf4VeObyQtT1IcXTr2cdf7YQ8Iqurvoo2hToIM2OPf-JdexoLf1Y9JTI,1
/courses/professional-software-development/?mc_cid=669771da32&mc_eid=d8e8d9329a,2
/about-us/join-us/training-advisor/,54
/events/info-taster-session-events/?mc_cid=0b5d0b7482&mc_eid=6f6734f9a3,3
/blog/happy-pride-month/,37
/glasgow/?fbclid=IwAR19KkfyKdPzpbQjGZ4sqQ8tKz_hPPl6NaXZ9LWEf1PNkkpwZnfdcnkBtHA,2
/blog/new-funding-opens-up-careers-in-coding/,448
/blog/congratulations-cohort-e29-graduates/,197
/inverness/?mc_cid=4f230ab388&mc_eid=6f71e5e34d,2
/?elementor-preview=15&ver=1558297851,1
/alumni-refer-a-friend/,31
/blog/hire-developer-screening-candidates/,159
/?elementor-preview=15&ver=1549022133,1
/about-us/the-board/,3
/blog/tag/graduation/,7
/events/other-events/,739
/pre-course-work/,4753
/?fbclid=IwAR1-YMdx720S2r_oRqNWFdACJICqAT8DNAZtY71E-43uOo0smLVyc-X1mPI,1
/Glasgow/,126
/courses/professional-software-development/?mc_cid=04e78ebf46&mc_eid=09afe5f435,2
/courses/full-stack-web-development/?fbclid=IwAR1oSVZhucGlFMC43D7I6uI9YSs-FhtS6bBdxh4nOCLLSmb8VCETZ1B1ZKI,2
/blog/tag/python/,6
/courses/full-stack-web-development/?fbclid=IwAR0Jd-kXL89xlcDOS2WXnB5boJP1dz52WOWK_dQkQnmoDbTPwEMHOnd6daU,2
/blog/codeclan-highlands-gets-a-space-in-wasps/?fbclid=IwAR3K0FWdWRnLQiqYqEVtk_G32XQiIAsK6ubZ8pHttL1-Dc-pw6EcT_BcAZw,2
/courses/professional-software-development/apply/?mc_cid=2371f5b213&mc_eid=8f7c00e9ce,4
/blog/stress-awareness-month/,31
/blog/best-podcasts-coders-programmers/,3854
/blog/tag/scottish-government/,6
/blog/getting-job-in-tech-tips/,141
/courses/professional-software-development/johns-route-to-career-progression/,42
/?fbclid=IwAR3YbeEbV6G3b-PUNdE2WgOGNGTHRk2oFpqkxE143RfIoeaS8VT8HpHwnnI,3
/courses/16-weeks-intensive-programming/,27
/blog/partner-of-the-month-inoapps/,15
/courses/r-programming/?fbclid=IwAR2g_KJYQ4kqfSQ4NFL0bIAc2XeZZ6txjC38aDNWhSgFXOYylqSZUPcohA8,3
/inverness/?mc_cid=4f230ab388&mc_eid=c31c686ba6,2
/events/inverness-events/?mc_cid=4f230ab388&mc_eid=[UNIQID],2
/courses/full-stack-web-development/apply-inverness/course_application_hie_0,3
/blog/towards-a-diverse-tech-industry-meet-vicky-junior-software-developer/,335
/blog/category/careers-in-tech/,297
/day-in-life-jia-coding/,5
/inverness/?mc_cid=4f230ab388&mc_eid=6f71e5e34d,2
/blog/category/instructor-blogs/,151
/data-analysis-announcement/?mc_cid=b8adbaa012&mc_eid=c3a5c83ada,2
/blog/stress-awareness-month/,31
/inverness/?mc_cid=4f230ab388&mc_eid=67279205d4,4
/digital-careers/test-engineer/?fbclid=IwAR36UG3-y399HEnqDRDbIO_eTxi9BhKWp59BY02HAPOjJPoSefGMa6qWhwQ,2
/?fbclid=IwAR0rp3_7eEFd-UL5Vl9xrkkHgl5eSF8Ze4lh_1Yqe8cxWjTFzaqJgDwXk_o,1
/courses/ux-design-fundamentals/?mc_cid=669771da32&mc_eid=3a3fc8b2bd,2
/blog/user-experience-product-design/,9
/blog/introducing-project-showcase/,17
/courses/professional-software-development/student-projects/,602
/blog/author/lillian/page/2/,7
/blog/codeclan-data-analysis-course-diary-001/?fbclid=IwAR02u6_TbgLXmjG49EuXlalSELZMBIriUXeao-aZWH9Qpy6jThWqtuWkHGY,8
/courses/thank-you-for-joining-our-data-carpentry-course/,7
/blog/no-tech-background-no-problem-8-career-changers-from-different-backgrounds/,226
/?fbclid=IwAR14MJOSG5_mZZdYj3pA7UW9Btm4PdomRhPEqjcHhLir3gty1GuIr-rb30U,1
/blog/meet-our-graduates-daniel-at-dog/?mc_cid=0b5d0b7482&mc_eid=d1bedafc24,2
/events/info-taster-session-events/?fbclid=IwAR1F83kOOPLHsZZ8Ichj9B9Frh8ZdLtgseYYK9keWetLycPP7AEuIWmOt7M,2
/?elementor_library=course-form&elementor-preview=7926&ver=1558701918,1
/the-codeclan-experience/a-typical-day/,2198
/events/inverness-events/?mc_cid=4f230ab388&mc_eid=4682c4eed6,2
/codeclan-store/order-complete/,7
/blog/finding-a-career-you-love/,35
/blog/no-tech-background-no-problem-8-career-changers-from-different-backgrounds/?mc_cid=93a9092e93&mc_eid=3ce862ed09,2
/?fbclid=IwAR0N5ypnzh0RIEG7fGBr5noHxOPQovhnD7XaD75d1w_y7ltjktjRcbxA8Qs,1
/blog/apply-immersive-programming-course/,188
/about-us/join-us/business-and-finance-operations-administrator/,76
/courses/full-stack-web-development/cost-and-funding/?mc_cid=fd09f18f12&mc_eid=5f9436f345,2
/inverness-events/,25
/courses/full-stack-web-development/?fbclid=IwAR0Jd-kXL89xlcDOS2WXnB5boJP1dz52WOWK_dQkQnmoDbTPwEMHOnd6daU,2
/courses/full-stack-web-development/?fbclid=IwAR14pSLfci3ESVFngRxJfQqK4XfhtsBCy4iAs7s8qZjUy-hsHoKC4FQCasU,5
/blog/finding-creativity-through-code-meet-richard-product-manager-at-neu/,188
/blog/new-funding-opens-up-careers-in-coding/?fbclid=IwAR2-g4KE0ReKEpTj_am3jXpOv5OTXxZp-s9TxtN7SfTTRa5FcmatSnbPlgI,2
/page/2/?s=university,2
/glasgow/,23413
/blog/codebar-edinburgh-second-anniversary/?fbclid=IwAR16jH-KJqf3QKgdaykR2pQaSdDpsxtYRtpdEl2IE2JlFcQx6XsQFJbckSk,13
/events/codebar/,4
/blog/codebar-edinburgh-glasgow-coding/,90
/blog/why-learn-coding/,843
/courses/professional-software-development/?mc_cid=fd09f18f12&mc_eid=afbafdab53,2
/digital-careers/?fbclid=IwAR3gpL9EPc2VMhKeZ2gJXV0IpBLZowRGVd8MikYgfMavDzgEAhApyyboqOE,3
/webinars/?fbclid=IwAR1zH0KUz9QE-ljSmzGePGafkeY9VRYKhwWZbr7iVPLfFThwDXTSvb_P8aQ,2
/blog/hire-developers-online-tests/,1898
/?elementor-preview=15&ver=1558075818,1
/?elementor_library=course-form&elementor-preview=7926&ver=1554912512,1
/blog/melinda-shortlisted-swit-award/,11
/blog/no-tech-background-no-problem-8-career-changers-from-different-backgrounds/?mc_cid=93a9092e93&mc_eid=3ce862ed09,2
/blog/author/darren/,2
/courses/full-stack-web-development/cost-and-funding/?mc_cid=fd09f18f12&mc_eid=c39e345940,3
/blog/tag/job/,31
/blog/graphic-designer-trainee-software-developer-meet-tahnee/,47
/courses/professional-software-development/cost-and-funding/?mc_cid=fd09f18f12&mc_eid=1bf7ec2b12,3
/data-analysis-announcement/?fbclid=IwAR1sztX8YeI5SvAiw-PEXd9WDBSLEMV_Hjap5g9lIpyv0BHpQcIb7RVG5Wc,5
/blog/tag/digital-womens-group/,6
/glasgow/?preview_nonce=20580db6c3&preview=true,4
/data-analysis-announcement/cost-and-funding/?mc_cid=fd09f18f12&mc_eid=9eb1bc07fb,2
/blog/new-career-in-tech-autumn/,197
/blog/supporting-team-scotlands-skills-on-and-off-the-pitch/,4
/?fbclid=IwAR01qY-wR_viZORC59sI_FfLo0VCJAz6uVwRQ53H_PNJbhDkNmH-5O2pFVE,1
/tech-boom/?mc_cid=04e78ebf46&mc_eid=b52b1da4ac,2
/glasgow/,7353
/?elementor-preview=15&ver=1559811288,1
/webinars/,103
/?fbclid=IwAR2FUpir-9NNcmdOcAgtse_8d5Y9XYMGan45baUwcgX8qi9hAHGGKHOZ6j4,2
/,23413
/admissions-track/,2608
/data-analysis-announcement/?mc_cid=b8adbaa012&mc_eid=e7ffb84657,2
/blog/meet-our-graduates-daniel-at-dog/?mc_cid=0b5d0b7482&mc_eid=161c9072c1,2
/courses/statistical-modelling/,408
/inverness/?mc_cid=4f230ab388&mc_eid=[UNIQID],3
/blog/experience-last-thing-need/,12
/for-employers/client-xperience/,323
/courses/full-stack-web-development/?fbclid=IwAR1SZr8QepobCMUd7E55WWSIXGbYM12AlaEaUy87_5Lb2h6hjaPwza6wvbM,2
/blog/,2610
/data-analysis-announcement/?mc_cid=b8adbaa012&mc_eid=4935973e23,2
/blog/author/jonathan/page/2/,3
/blog/page/22/,3
/courses/professional-software-development/cost-and-funding/?mc_cid=93a9092e93&mc_eid=05d11549dc,2
/?elementor_library=course-form&elementor-preview=7926&ver=1554901214,1
/?s=university,2
/blog/tag/job/,32
/inverness/?mc_cid=4f230ab388&mc_eid=471abb0397,2
/events/glasgow/?fbclid=IwAR2IQAbka-Ky0A0tCKnSBzxAkwij-rhcq5xYeyW3vGojieLNmPXA0lJLrbs,5
/blog/author/jonathan/page/3/,2
/?p=17348&preview=true,4
/edinburgh/,2198
/about-us/join-us/?fbclid=IwAR0ug377yUAG3bwYmg2xAXcpFFnjPTNLLUiH4sYhywbAt09Z_l8iZ1U0XUc,3
/blog/learning-from-failure/,11
/blog/making-a-bold-statement-in-2019/,6
/about-us/vision-and-mission/,7
/blog/understanding-understanding/,19
/blog/claires-coding-journey-from-hobby-to-career/?mc_cid=04e78ebf46&mc_eid=b9cca17ee1,3
/blog/graham-glasgow-cohort-2/,19
/courses/edaid-apply/?mc_cid=fd09f18f12&mc_eid=88d498705d,2
/data-analysis-announcement/?mc_cid=b8adbaa012&mc_eid=82536f3aec,2
/courses/browse-all-course-dates/?elementor-preview=42&ver=1556282825,2
/digital-careers/data-scientist/,297
/courses/browse-all-course-dates/,4170
/blog/page/7/,35
/codeclan-store/,743
/courses/professional-software-development/cost-and-funding/?mc_cid=93a9092e93&mc_eid=b7a321a23c,2
/?page_id=18011&elementor-preview=18011&ver=1553449597,2
/courses/professional-software-development/cost-and-funding/?mc_cid=93a9092e93&mc_eid=b7a321a23c,2
/courses/edaid-apply/?mc_cid=fd09f18f12&mc_eid=34f10ac59c,2
/blog/towards-a-diverse-tech-industry-meet-vicky-junior-software-developer/,379
/blog/our-guide-to-funding-our-full-time-courses/?fbclid=IwAR3q7DsvcCRMnJpl72ZFpQh2O943NXBhFtl7zp1qQK6jiNAphkY3nedy8eU,3
/blog/author/jordandavidson/,8
/for-employers/sponsorships/,401
/courses/professional-software-development/?mc_cid=fd09f18f12&mc_eid=68245d3d33,2
/blog/category/careers-in-tech/,319
/blog/linda-scott-codeclan-cmo/?fbclid=IwAR2wrva37j1bbADFqFy806l70dNuF8J_ruknz3TzZecO-EFufsDTeR5hJrA,2
/blog/instructing-codeclan-johns-story/,25
/?elementor-preview=15&ver=1567588174,1
/glasgow/?fbclid=IwAR3cTHurV_BeJCViwYXZtaJvoMj4tOOMgtWO99WyCwOANUWtj6DmOhj4H-s,2
/blog/page/9/,17
/courses/thank-you-for-joining-our-bespoke-course/,10
/courses/full-stack-web-development/?fbclid=IwAR0dXGIW_d-4T1zpHBlEMVeonLBimTB8FExFbEFh35tk5h0d02TXVUGy_Ag,2
/courses/professional-software-development/?mc_cid=fd09f18f12&mc_eid=68245d3d33,2
/courses/professional-software-development/application-and-dates/,1633
/blog/category/inspiring-stories/page/3/,40
/inverness/?mc_cid=4f230ab388&mc_eid=471abb0397,2
/data-analysis-announcement/?mc_cid=b8adbaa012&mc_eid=8da2749711,2
/blog/best-podcasts-coders-programmers/,3334
/careers-support/,5
/digital-careers/?fbclid=IwAR0AJp2uJvDCgflc8ntiaCNXG8GpU3lzBzf_xa-OTKljnAa6w7_J7HtV9lQ,2
/blog/9-websites-start-coding-journey/?mc_cid=6eb5122af8&mc_eid=4eae11a7d7,2
/courses/edaid-apply/?mc_cid=fd09f18f12&mc_eid=34f10ac59c,2
/admissions-track-data/?elementor-preview=18536&ver=1554906058,2
/Glasgow/,126
/blog/page/2/,179
/courses/professional-software-development/cost-and-funding/?mc_cid=39d929350b&mc_eid=28e1668e3c,2
/courses/full-stack-web-development/?fbclid=IwAR0Jd-kXL89xlcDOS2WXnB5boJP1dz52WOWK_dQkQnmoDbTPwEMHOnd6daU,2
/courses/?fbclid=IwAR3X15zgOeqcY9gjm1hvsI1P_h4mjb58yE9ASO8Nrhp_bG4IYJspAdJRmQE,2
/inverness/?fbclid=IwAR1HjOJDEKnOfSv0mNavP5QciHuZyfGNBNOypzHK6zFU6LNzLEu9dCCUodQ,2
/blog/meet-our-graduates-daniel-at-dog/?mc_cid=0b5d0b7482&mc_eid=c2435237f9,2
/blog/call-centre-advisor-developer/,30
/blog/2018-our-year-in-review/?mc_cid=e224d7b9d2&mc_eid=[UNIQID],10
/blog/melindas-memo-july-2019/?mc_cid=2fb4f83e69&mc_eid=d9bfec8eaa,2
/?s=ruby+on+rails,2
/blog/whats-on-at-codeclan-this-april/,34
/blog/kates-project-diary-an-android-food-tracking-app/,27
/events/inverness-events/?mc_cid=4f230ab388&mc_eid=b160aa4411&fbclid=IwAR3ROdJ3bq8LaIvdfZWK-iDaxwNAV3QEBmzUlcfZtVhhd8Egx0taFrZT-pU,2
/?fbclid=IwAR0V3AxX8fu7fvQJW7OIWer2jCyxjsVma6PnSuiiLN6WhUvdgRMggv9sBpY,1
/?elementor-preview=15&ver=1556287172,2
/blog/new-funding-opens-up-careers-in-coding/?fbclid=IwAR3yB4peau9gePYJFW4JbM8VBmLJQzSQnwSQSQ85fWvEcbGgHDpiiA8i1o4,2
/blog/codeclan-contributing-to-scotlands-20bn-data-boom/?mc_cid=ee6dba1b4b&mc_eid=a4cd2d02c2,2
/?fbclid=IwAR1CJaVbK9_LHGGJfIeEF7aPiYgQXFuxiK89Hv7OHi_rFMK2JYat97LmzF8,1
/blog/finding-creativity-through-code-meet-richard-product-manager-at-neu/?mc_cid=39d929350b&mc_eid=39a0cc0ee0,2
/blog/tech-boom-campaign/?mc_cid=04e78ebf46&mc_eid=d710d5c205,2
/?s=techmums,2
/blog/claudia-career-change-developer/,6
/courses/edaid-apply/psd/course_application_2,3
/?fbclid=IwAR1Lf4VeObyQtT1IcXTr2cdf7YQ8Iqurvoo2hToIM2OPf-JdexoLf1Y9JTI,1
/blog/codeclan-students-changed-career/,64
/events/inverness-events/?fbclid=IwAR370nHWdHn_TNC-Wvd7qndrYjHR6A3ntgXBIF63z1b9godOCV0HdDsjM4c,2
/events/inverness-events/?fbclid=IwAR370nHWdHn_TNC-Wvd7qndrYjHR6A3ntgXBIF63z1b9godOCV0HdDsjM4c,2
/about-us/join-us/careers-service-assistant/,254
/?s=techmums,2
/jointheclan/,11
/?fbclid=IwAR1j36WXi--fUVEXktkzzxt4dIU4JMEeKquNeFgT2EUhHaWdxIhU59IlkFs,1
/blog/meet-wojtek-ux-veteran-and-codeclan-instructor/?mc_cid=56df04bcae&mc_eid=77feb7c5dc,3
/?elementor-preview=15&ver=1556567478,1
/blog/welcome-to-our-commercial-director/,53
/courses/full-stack-web-development/cost-and-funding/?mc_cid=fd09f18f12&mc_eid=5f9436f345,2
/webinars/?fbclid=IwAR1zH0KUz9QE-ljSmzGePGafkeY9VRYKhwWZbr7iVPLfFThwDXTSvb_P8aQ,2
/events/info-taster-session-events/?fbclid=IwAR3F3B-UTjZzqTF_WHrw5yV1ZAYkRIVI_LRd03OeUCBzDfbR9VLsn-yQKr8,17
/admission-track/,2
/courses/professional-software-development/?mc_cid=fd09f18f12&mc_eid=88d498705d,4
/about-us/join-us/?fbclid=IwAR0ug377yUAG3bwYmg2xAXcpFFnjPTNLLUiH4sYhywbAt09Z_l8iZ1U0XUc,3
/events/inverness-events/?mc_cid=4f230ab388&mc_eid=b160aa4411,19
/events/,917
/blog/page/6/,45
/nikos,17
/data-analysis-announcement/apply-for-data-analysis/,1467
/,7353
/webinars/?fbclid=IwAR184BnHiCo-iTh6POY3hjCEE1IGUQcvMGKJdj-UBWPCAreXPuAgEhXiT3A,4
/data-analysis-announcement/apply-for-data-analysis/?fbclid=IwAR0pcfuWM_vTgkKt9srockNwroPSBt5dSQPI3D9lg_bovL_ZAtVbGXsYwqk,2
/courses/thank-you-for-joining-our-data-carpentry-course/,7
/blog/codeclan-scoops-scotlandis-award/,12
/events/inverness-events/?mc_cid=4f230ab388&mc_eid=935f175e27,44
/data-analysis-announcement/?mc_cid=b8adbaa012&mc_eid=4b601ba1f9,2
/blog/carving-a-career-as-a-developer-my-coding-journey/,30
/events/info-taster-session-events/?fbclid=IwAR1F83kOOPLHsZZ8Ichj9B9Frh8ZdLtgseYYK9keWetLycPP7AEuIWmOt7M,2
/blog/author/killian/,30
/?fbclid=IwAR2DbRZVMnXf6kapGMXchQbCkXU1Z7_ohxH-jQcD81Sn8eLUIkVxEfB6MJs,2
/courses/professional-software-development/?mc_cid=04e78ebf46&mc_eid=ce4326d935,3
/?fbclid=IwAR14MJOSG5_mZZdYj3pA7UW9Btm4PdomRhPEqjcHhLir3gty1GuIr-rb30U,1
/blog/author/codeclan/page/2/,3
/blog/page/14/,7
/blog/towards-a-diverse-tech-industry-meet-vicky-junior-software-developer/?fbclid=IwAR3s6HN1-bIy94lppN8C6DhtUjUSA9wdOhmS2IJfEK8AK15yQbIuzVWrNfg,3
/data-analysis-announcement/apply-for-data-analysis/?fbclid=IwAR0pcfuWM_vTgkKt9srockNwroPSBt5dSQPI3D9lg_bovL_ZAtVbGXsYwqk,2
/events/info-taster-session-events/?mc_cid=44e8a9ea68&mc_eid=1a2076222b,2
/?fbclid=IwAR1Eo7zHAySkx62GUkKhRcE82ZNxsC2nS6dCx00I6cFt9W0vkzI2l9Ldi6g,1
/blog/page/3/,126
/blog/congratulations-cohort-e29-graduates/?mc_cid=2fb4f83e69&mc_eid=d9bfec8eaa,2
/blog/day-life-web-developer/,242
/blog/no-tech-background-no-problem-8-career-changers-from-different-backgrounds/?mc_cid=93a9092e93&mc_eid=14a46ff3e4,15
/courses/professional-software-development/curriculum/?fbclid=IwAR1GOxz9Hw2yB8w3y5jy4Ki8kdx9jov0GgWZQ8FNSBAI6yxqqwwluQpjm0E,2
/events/,1081
/?fbclid=IwAR0Uc3dO-fSb-ZiT4j6lRIxvK-FY0mhnNrb4htj4Y4arUMZLo2sdebBq0iE,1
/courses/professional-software-development/cost-and-funding/?mc_cid=fd09f18f12&mc_eid=97d027163e,3
/blog/no-tech-background-no-problem-8-career-changers-from-different-backgrounds/?mc_cid=93a9092e93&mc_eid=ef023fed81,6
/,23413
/?fbclid=IwAR3_QwCsjZ9GtbzsZpl-nf2fcg8O3bhs9U_kniE-aLFsmvY9CISlyYt585E,5
/digital-careers/support-engineer/?fbclid=IwAR0RfOds0n8auSva3jUjHgN_0AH2xtWIDkyyxlV6RvgNDuZZ1-_2CQCmebA,2
/blog/built-munro-bagger-site/,59
/?fbclid=IwAR02IT1ol3gJHU4ePF5x1p_EfoVb-iy06stGjih4HmUm1SLSk8YiAisqGto,1
/?fbclid=IwAR19W547QWd6bZ_ub5UWffgxxoJEPJtaWxJ4BZZGyE8dG0MEROmkkZP37Jc,1
/blog/ewa-jamie-martas-app-play-store/,18
/inverness/?fbclid=IwAR2EQii-e76DUuIIZSbP5fNL8Sg6q1eCds8r0CiBCSKjsUKdpzoyJCTuwGo,2
/blog/meet-our-graduates-daniel-at-dog/?mc_cid=0b5d0b7482&mc_eid=39a0cc0ee0,2
/courses/full-stack-web-development/cost-and-funding/,642
/inverness/?fbclid=IwAR1HjOJDEKnOfSv0mNavP5QciHuZyfGNBNOypzHK6zFU6LNzLEu9dCCUodQ,2
/blog/hire-developers-online-tests/null,2
/blog/meet-our-graduates-daniel-at-dog/?mc_cid=0b5d0b7482&mc_eid=39a0cc0ee0,2
/page/2/?s=ruby,2
/alumni-refer-a-friend/,30
/data-analysis-announcement/?mc_cid=b8adbaa012&mc_eid=9f80271727,5
/blog/codeclan-data-analysis-course-diary-001/?fbclid=IwAR24lLArlH-mY30Fz3qO0cFJ1TdSGzF3NH7E1nIVgjzq7J3YP7h9sPf1PS8,2
/?elementor-preview=15&ver=1556287172,2
/blog/author/jonathan/page/4/,2
/blog/no-tech-background-no-problem-8-career-changers-from-different-backgrounds/?mc_cid=93a9092e93&mc_eid=53adfd05e5,3
/blog/finding-a-career-you-love/,35
/courses/professional-software-development/johns-route-to-career-progression/,47
/data-analysis-announcement/?fbclid=IwAR0YHtPCad9T_H-x28SMzFtmO1JaNM8sWkrY2qZZYumTtFyZZ09GwW6CTiQ,2
/?fbclid=IwAR1-Yd9BYTwzhIy4if-GDUA2LiEzh4Wl6Gzzki-bGsnb1M_5tjYFiVVxsN4,1
/blog/author/killian/,30
/courses/agile-for-effective-teams/?fbclid=IwAR0Zxj9rqYk-y8vRGfVBMq3snrNfbA9HBdVvN2o7ffSclTyNJtM_D89iWAQ,2
/courses/professional-software-development/cost-and-funding/?mc_cid=fd09f18f12&mc_eid=11a2475ff0,2
/?fbclid=IwAR1Lf4VeObyQtT1IcXTr2cdf7YQ8Iqurvoo2hToIM2OPf-JdexoLf1Y9JTI,1
/blog/melindas-memo-july-2019/?mc_cid=2fb4f83e69&mc_eid=d9bfec8eaa,2
/data-analysis-announcement/cost-and-funding/,700
/blog/codeclan-contributing-to-scotlands-20bn-data-boom/,113
/courses/professional-software-development/?mc_cid=44e8a9ea68&mc_eid=3beadb06e6,2
/courses/professional-software-development/?mc_cid=669771da32&mc_eid=ef48740bd3,2
/the-codeclan-experience/the-alumni/,942
/blog/page/20/,7
/?p=17269&preview_nonce=ae7ee3cca2&preview=true,12
/about-us/become-an-instructor/?fbclid=IwAR0-Lxb01Sj0c6brHL11GXRk7YkObavVyHCu064NcLCe5z5KillV4aKS6CY,3
/data-analysis-announcement/apply-for-data-analysis/,1023
/blog/new-funding-opens-up-careers-in-coding/?fbclid=IwAR2yZo0-wJedUjG6zgmQk12xUj-NMOX-7TcEOZ4VvR1yZ2ujELXZyeuLhaA,2
/courses/professional-software-development/apply/course_application_1,821
/blog/meet-our-graduates-daniel-at-dog/?mc_cid=0b5d0b7482&mc_eid=d278663662,3
/admissions-track-data/,248
/blog/tag/python/,7
/courses/?fbclid=IwAR3X15zgOeqcY9gjm1hvsI1P_h4mjb58yE9ASO8Nrhp_bG4IYJspAdJRmQE,2
/blog/meet-ally-software-development-instructor-at-codeclan/?fbclid=IwAR0a9vGlEAdyztRXjqu9YXqSWaTxIOUpDChXmmDSNrcTHiTPGZT6XLe234w,2
/courses/professional-software-development/?mc_cid=669771da32&mc_eid=d8e8d9329a,2
/blog/meet-our-graduates-daniel-at-dog/?mc_cid=0b5d0b7482&mc_eid=7c5107d074,3
/?p=17348&preview_id=17348&preview_nonce=a2f29ffa28&_thumbnail_id=-1&preview=true,3
/blog/meet-our-graduates-daniel-at-dog/?mc_cid=0b5d0b7482&mc_eid=40cd932ff0,2
/blog/new-funding-opens-up-careers-in-coding/?fbclid=IwAR0GYwTKqoLads-u2pXoKSvgf9yzrm6_KgDYStzC27VbAJw7D_h3gRu8p3E,3
/data-analysis-announcement/cost-and-funding/?mc_cid=fd09f18f12&mc_eid=a29ad180b1,2
/blog/meet-our-graduates-alex-junior-software-developer/?mc_cid=39d929350b&mc_eid=5eaf4e654c,4
/admissions-track-data/,248
/blog/understanding-understanding/,19
/courses/thank-you-data-analysis-application/,53
/about-us/join-us/careers-service-assistant/?fbclid=IwAR1FOuTYwwI15Mk5_RgENVip4AI04EPVo3ShVybbu3KmT5QgpsEBHWKxuos,3
/?elementor-preview=15&ver=1558000720,1
/for-employers/upskill-your-staff/,539
/blog/codeclan-highlands-gets-a-space-in-wasps/?fbclid=IwAR1PnqDcKPXntCyVmyB65OnPJl4yEVuLSUy-YgGCZC9I-CjGdxSHZA3AFgw,2
/enquire/thank-you-for-your-enquiry/,186
/?elementor-preview=15&ver=1556287172,2
/blog/meet-our-graduates-daniel-at-dog/?mc_cid=0b5d0b7482&mc_eid=161c9072c1,2
/blog/codeclan-ceo-women-tech/,44
/blog/towards-a-diverse-tech-industry-meet-vicky-junior-software-developer/?fbclid=,39
/about-us/join-us/careers-service-assistant/?fbclid=IwAR1FOuTYwwI15Mk5_RgENVip4AI04EPVo3ShVybbu3KmT5QgpsEBHWKxuos,3
/courses/thank-you-for-your-application/,340
/courses/r-programming/?fbclid=IwAR3u44Q9FZUjR2Zzc8hanvhyr_3-IIZIMU2Y7kIsIpcCt-PHFsE27ExSNkM,2
/about-us/become-an-instructor/,539
/blog/introducing-project-showcase/,17
/?elementor-preview=15&ver=1558075818,1
/data-analysis-announcement/?mc_cid=b8adbaa012&mc_eid=84fbfb58a4,2
/courses/edaid-apply/psd/,8
/blog/graduate-milestone-diversity/,19
/blog/towards-a-diverse-tech-industry-meet-vicky-junior-software-developer/,323
/data-analysis-announcement/?mc_cid=b8adbaa012&mc_eid=ebd461a498,2
/digital-careers/test-engineer/?fbclid=IwAR2whOxdHyNq4hhkjbtDag3YBVuC-qM9_0Him5ZYIqF50MTm42wVFolbn90,3
/?p=17348&preview=true,5
/?fbclid=IwAR0BJTj1BzxTyIkAVTAajCpUyS9b1Y4Mz6s_Ob_WQeTQRvbgBQXMAONQ1l0,1
/blog/page/18/,11
/digital-careers/product-owner/,283
/blog/page/16/,12
/highlands-academy/apply-inverness/,10
/blog/new-funding-opens-up-careers-in-coding/?fbclid=IwAR1FF3Tq4erEaY5Vgy8wzCM5FeuEZTqHWMOknxq1dwbGU8DOMAiMS76SRG8,2
/blog/tech-boom-campaign/?mc_cid=04e78ebf46&mc_eid=b339aeae8c,2
/data-analysis-announcement/?fbclid=IwAR35NX90TUcJS69tm-5_8ojVM3-HSG0tq3I7IZbuKwe120x6G79GspbgMSE,2
/courses/edaid-apply/psd/course_application_1,5
/blog/codeclan-students-changed-career/,58
/blog/good-news-for-the-next-gen-of-digital-as-grants-awarded-by-digital-xtra-fund/,140
/data-analysis-announcement/?fbclid=IwAR0YHtPCad9T_H-x28SMzFtmO1JaNM8sWkrY2qZZYumTtFyZZ09GwW6CTiQ,2
/blog/ask-for-help-coding/,15
/for-employers/employer-case-studies/,602
/about-us/join-us/careers-service-assistant/?fbclid=IwAR1FOuTYwwI15Mk5_RgENVip4AI04EPVo3ShVybbu3KmT5QgpsEBHWKxuos,3
/courses/edaid-apply/?mc_cid=fd09f18f12&mc_eid=9f6afb26b0,2
/events/inverness-events/?mc_cid=4f230ab388&mc_eid=86349eb13f,2
/data-analysis-announcement/?mc_cid=b8adbaa012&mc_eid=698e7a8d35,2
/?fbclid=IwAR1mQqv5apmaPLkTrY2zAvhMiGjVLEgu8612QTlPQfw8GhRdtL7wgFTyWYM,1
/about-us/our-team/,3334
/blog/understanding-understanding/,19
/blog/tag/python/,8
/?p=21341&preview=true&_thumbnail_id=21343,3
/about-us/join-us/student-admissions-officer/,139
/data-analysis-announcement/?mc_cid=b8adbaa012&mc_eid=84fbfb58a4,2
/?elementor-preview=15&ver=1558075627,1
/blog/category/inspiring-stories/page/2/,83
/events/inverness-events/?mc_cid=4f230ab388&mc_eid=4682c4eed6,2
/data-analysis-announcement/?mc_cid=b8adbaa012&mc_eid=63f2ead752,2
/blog/meet-our-graduates-daniel-at-dog/?mc_cid=0b5d0b7482&mc_eid=7353c909d2,2
/blog/no-tech-background-no-problem-8-career-changers-from-different-backgrounds/?mc_cid=93a9092e93&mc_eid=f053a8cbc8,4
/events/info-taster-session-events/?fbclid=IwAR2LPLZWusX6C8t6GYFG8BA9dAfeXLPPofdyiwjq_vHHSW0DDaKbadfrZbk,3
/blog/meet-our-graduates-daniel-at-dog/?mc_cid=0b5d0b7482&mc_eid=b1cba763db,2
/data-analysis-announcement/apply-for-data-analysis/,1081
/blog/meet-our-graduates-daniel-at-dog/,379
/the-codeclan-experience/the-curriculum/,2
/courses/professional-software-development/cost-and-funding/?mc_cid=fd09f18f12&mc_eid=c39e345940,3
/blog/day-life-web-developer/,225
/courses/professional-software-development/cost-and-funding/?mc_cid=2371f5b213&mc_eid=40cd932ff0,2
/blog/claires-coding-journey-from-hobby-to-career/?mc_cid=04e78ebf46&mc_eid=c3e3d14e74,2
/blog/codeclan-finalist-in-scottish-financial-technology-awards/,36
/blog/codebar-edinburgh-second-anniversary/?fbclid=IwAR2wYSDhP0NUWo7pWeMrjHlPzRI_civxj5WiS4UGAC7rQ1sXRw0MAuXbjMU,2
/for-employers/community-outreach/,253
/?mc_cid=669771da32&mc_eid=050dadd5cf,2
/?elementor_library=course-form&elementor-preview=7926&ver=1558701918,1
/?s=university,2
/?mc_cid=669771da32&mc_eid=[UNIQID,9
/courses/edaid-apply/course_application_edaid_1,23
/courses/apply-for-data-analysis/,2
/courses/professional-software-development/cost-and-funding/?mc_cid=93a9092e93&mc_eid=84bbeb6ccc,8
/blog/author/ken/,7
/blog/towards-a-diverse-tech-industry-meet-vicky-junior-software-developer/?fbclid=IwAR0rwfm5QkMi_Lz-Uxo3a0D1ig4JMWEPw8rK64QmM-rsIkmPrU2fc_YRJLA,49
/blog/no-tech-background-no-problem-8-career-changers-from-different-backgrounds/?fbclid=IwAR2vWhbbPTWFjIzpfmVBNawGNyPd5JaYcmVj0BfxIVYCDLT5LN4aQh7b4Dg,3
/blog/towards-a-diverse-tech-industry-meet-vicky-junior-software-developer/?fbclid=,37
/courses/thank-you-applying-web-development/,15
/blog/meet-our-graduates-daniel-at-dog/?mc_cid=0b5d0b7482&mc_eid=c2435237f9,2
/for-employers/hire-with-codeclan/,665
/blog/page/22/,3
/blog/tag/scottish-government/,6
/scotland/,13
/blog/tag/aberdeen-careers-fair-pace/,3
/kh,2
/blog/category/learning-to-code/page/3/,20
/blog/codeclan-ceo-melinda-matthews/,340
/blog/meet-wojtek-ux-veteran-and-codeclan-instructor/,44
/blog/author/codeclan/,21
/blog/graduate-natalie-ux-analyst/,47
/courses/professional-software-development/?fbclid=IwAR10SB4X7omSsn7JjXA_BxYFjfMVtGT1IYp7fRVVuh0fJ4b8I7-c4rPXA-g,2
/courses/professional-software-development/?mc_cid=fd09f18f12&mc_eid=afbafdab53,2
/blog/500-graduates-in-employment/?hss_channel=lcp-1092545,3
/ourbrand/,75
/digital-careers/product-owner/?fbclid=IwAR0c6e6efgAMT0XDA2HeE5tQlShFZANjtrPgjbFpa484uw3QAie_hgTUFqQ,2
/courses/professional-software-development/cost-and-funding/?mc_cid=fd09f18f12&mc_eid=97d027163e,3
/events/inverness/,6
/Glasgow/,120
/blog/tech-start-up-award/,16
/events/inverness/,8
/blog/leaving-oil-gas-for-a-career-in-tech-roberts-story/?fbclid=IwAR0uWnkDru2K2n66RA4E6dLEBdgCZB38Yq6_E2xBgy5y_TSG0k3IQxCDs5E,2
/blog/most-asked-questions/,328
/about-us/become-an-instructor/?fbclid=IwAR16M2yB3ByEz8JM4WIm5xdVJJMvUjpAnlJF8L6dsJf8O7DXbgRMvHD1CZ0,2
/?fbclid=IwAR0Uc3dO-fSb-ZiT4j6lRIxvK-FY0mhnNrb4htj4Y4arUMZLo2sdebBq0iE,1
/courses/full-stack-web-development/cost-and-funding/?mc_cid=fd09f18f12&mc_eid=5f9436f345,2
/blog/data-science-r-programming/,30
/blog/melinda-shortlisted-swit-award/,10
/for-employers/become-a-partner/,665
/blog/tech-boom-campaign/?mc_cid=04e78ebf46&mc_eid=e1a9dc90d1,2
/?fbclid=IwAR0fHimaNobbwAsNyS7-HTVTe-Rvg5syjQaq9Bwb8jdhPaBsHsAu6PPm8LI,1
/inverness/?mc_cid=4f230ab388&mc_eid=5b134dbd9c,2
/blog/meet-our-graduates-daniel-at-dog/?mc_cid=0b5d0b7482&mc_eid=8cf18fb150,2
/data-analysis-announcement/?mc_cid=b8adbaa012&mc_eid=3a0c64ba65,2
/data-analysis-announcement/?mc_cid=b8adbaa012&mc_eid=e7ffb84657,2
/events/inverness-events/?mc_cid=4f230ab388&mc_eid=5d6a0d6524,7
/digital-careers/?elementor-preview=18039&ver=1554994108,2
/?fbclid=IwAR3YbeEbV6G3b-PUNdE2WgOGNGTHRk2oFpqkxE143RfIoeaS8VT8HpHwnnI,3
/blog/finding-a-career-you-love/,34
/courses/professional-software-development/cost-and-funding/?mc_cid=fd09f18f12&mc_eid=b626553ac9,2
/digital-careers/?fbclid=IwAR2pmRUuQZu8sci4_leAfV9QvEkss49Tlnd0fVHLCGYu3KlH4pGNLkDPBrE,2
/courses/professional-software-development/cost-and-funding/?mc_cid=fd09f18f12&mc_eid=b52b1da4ac,2
/courses/professional-software-development/,23413
/?elementor-preview=15&ver=1558075818,1
/blog/no-tech-background-no-problem-8-career-changers-from-different-backgrounds/,243
/courses/professional-software-development/?mc_cid=04e78ebf46&mc_eid=c3e3d14e74,2
/digital-careers/?elementor-preview=18039&ver=1554994108,2
/blog/meet-our-graduates-alex-junior-software-developer/?mc_cid=39d929350b&mc_eid=c844305ffb,2
/?s=ruby,3
/blog/meet-our-partners-wallet-services/,14
/courses/full-stack-web-development/?mc_cid=fd09f18f12&mc_eid=74838a0123,2
/contact-us/,126
/data-analysis-announcement/?mc_cid=b8adbaa012&mc_eid=ffbf70e4cb,3
/blog/new-career-in-tech-autumn/?mc_cid=2371f5b213&mc_eid=7c9d1b95d2,2
/courses/professional-software-development/?mc_cid=fd09f18f12&mc_eid=1bf7ec2b12,2
/courses/professional-software-development/thank-you-syllabus-download/,700
/alumni-refer-a-friend/,30
/inverness/?mc_cid=4f230ab388&mc_eid=6f71e5e34d,2
/the-codeclan-experience/a-typical-day/,2148
/events/inverness-events/?fbclid=IwAR3UfnVsLdJCYMCAJfufA6kJbziXm5127UG95B-GNnNT8ABjnKX3WmZrsB4,2
/?fbclid=IwAR3CHdObWKs3rt2wdPome-aQmFKcF3U4t2yeRWJ2H1l_zI7RsSVcJrEzD3I,3
/tech-boom/zonal-case-study/,16
/data-analysis-announcement/?mc_cid=b8adbaa012&mc_eid=727dace6f2,3
/courses/professional-software-development/?mc_cid=669771da32&mc_eid=cb47aad18e,2
/store,3
/for-employers/sponsorships/,431
/courses/thank-you-for-joining-our-agile-for-effective-teams-course/,15
/about-us/our-team/,4950
/courses/professional-software-development/apply/?mc_cid=2371f5b213&mc_eid=8f7c00e9ce,5
/inverness/?fbclid=IwAR0GF6kG_Wyqv16oibX09DG6VdHKoD8iurON1jcJ1-5-W4VWH6B1RBloODg,3
/precoursework,6
/courses/r-programming/,3820
/blog/three-social-impact-initiatives-we-support-and-why-you-should-too/?fbclid=IwAR0cyUfX588sO2uZPtrPdxXrXilH5uILDZCeE12xccClQ1mQPdfgMnUkhDE,2
/data-analysis-announcement/cost-and-funding/?mc_cid=fd09f18f12&mc_eid=5902cfcda7,2
/digital-careers/software-developer/,431
/Glasgow/,113
/courses/r-programming/?fbclid=IwAR1lLLrGbicivq8V_KaBVpCpF_evU7m_kw0Du_Hi229UxO9Ehqu8nxdtfKQ,2
/blog/new-funding-opens-up-careers-in-coding/,448
/for-employers/employer-case-studies/castlight-2/,109
/blog/graduates-hayley-microbiologist-software-developer/,103
/courses/edaid-apply/fswd/,2
/blog/glasgow-coding-bootcamp-career/,126
/store,3
/blog/graduate-chris-android-developer/,33
/events/glasgow/,1034
/blog/codeclan-students-natasha-glasgow/,31
/blog/tag/python/,7
/admissions-track/?fbclid=IwAR3Fo1tb8jk2fxTvPSFbg0Twey9TeDTtgTUpGDEYQbcbb40yObp_1jlvyRY,2
/events/inverness-events/?mc_cid=4f230ab388&mc_eid=205d40a9b4,2
/blog/tag/tesco-bank/,2
/?elementor-preview=15&ver=1556272576,1
/blog/retrain-as-a-data-analyst/,101
/blog/new-funding-opens-up-careers-in-coding/?fbclid=IwAR0r-0PMmxOzJ-WlvBTmZS4Dcu1mdZkmJZNaDE7MeEP9Kk6ONdFVhoiYvHU,8
/courses/professional-software-development/charlotte-case-study/,112
/events/partner-events/,845
/admissions-track-data/?elementor-preview=18536&ver=1554906058,2
/?s=E29,3
/?fbclid=IwAR0Uc3dO-fSb-ZiT4j6lRIxvK-FY0mhnNrb4htj4Y4arUMZLo2sdebBq0iE,1
/?mc_cid=669771da32&mc_eid=050dadd5cf,2
/data-analysis-announcement/cost-and-funding/?mc_cid=fd09f18f12&mc_eid=a29ad180b1,2
/digital-careers/data-scientist/?fbclid=IwAR1QICG9J7gwmY9llQRwyTRK6PkWKQHP67HjIy6YFZ7PIt_s3QZt3qrjGPU,3
/blog/move-to-digital-first/,74
/blog/making-a-bold-statement-in-2019/,8
/courses/professional-software-development/cost-and-funding/?mc_cid=fd09f18f12&mc_eid=9d37622967,2
/events/various-events/,8
/events/inverness-events/?mc_cid=4f230ab388&mc_eid=935f175e27,45
/blog/author/jonathan/page/4/,2
/?p=20733&preview=true,3
/codeclan-store/ultra-thick-navy-blue-hoodie/,28
/glasgow/?preview_nonce=20580db6c3&preview=true,4
/blog/codeclan-highlands-gets-a-space-in-wasps/,262
/blog/page/13/,12
/courses/?mc_cid=45d309ea09&mc_eid=e200d63a31,2
/events/inverness-events/?fbclid=IwAR3r_LotPBDCmZmXc_Fx36KEDc36jM9BMy7Vr0hHT5sFQfn9erwppIpCajQ,2
/blog/meet-ally-software-development-instructor-at-codeclan/,137
/blog/data-analysis-course-glasgow-launch/,42
/courses/professional-software-development/sarahs-reskilling-story/,63
/?p=20733&preview=true,3
/about-us/join-us/social-media-and-digital-marketing-specialist/,197
/courses/professional-software-development/cost-and-funding/?mc_cid=39d929350b&mc_eid=28e1668e3c,2
/blog/say-hello-to-edinburgh-cohort-33/,93
/events/glasgow/,942
/glasgow/?fbclid=IwAR19KkfyKdPzpbQjGZ4sqQ8tKz_hPPl6NaXZ9LWEf1PNkkpwZnfdcnkBtHA,2
/blog/took-back-control-coding/,149
/blog/meet-our-graduates-daniel-at-dog/?mc_cid=0b5d0b7482&mc_eid=7ed9838d88,2
/inverness/?fbclid=IwAR1szx7rxVyDxyNkl_Szw5qxGJa-iaHLFTT54g1UW32N5Db4PNFTfL0xxWA,2
/courses/professional-software-development/cost-and-funding/?mc_cid=93a9092e93&mc_eid=b7a321a23c,2
/codeclan-store/zipped-navy-blue-hoodie/,22
/glasgow/?fbclid=IwAR3cTHurV_BeJCViwYXZtaJvoMj4tOOMgtWO99WyCwOANUWtj6DmOhj4H-s,2
/about-us/join-us/,1660
/data-analysis-announcement/?mc_cid=b8adbaa012&mc_eid=b7a321a23c,3
/blog/graduate-chris-android-developer/,33
/digital-careers/?elementor-preview=18039&ver=1556268960,3
/blog/claires-coding-journey-from-hobby-to-career/?mc_cid=04e78ebf46&mc_eid=c3e3d14e74,2
/courses/glasgow/,3346
/blog/melindas-memo-july-2019/?mc_cid=2fb4f83e69&mc_eid=d9bfec8eaa,2
/?elementor-preview=15&ver=1556287172,2
/courses/professional-software-development/curriculum/?fbclid=IwAR1GOxz9Hw2yB8w3y5jy4Ki8kdx9jov0GgWZQ8FNSBAI6yxqqwwluQpjm0E,2
/brand,4
/blog/making-a-bold-statement-in-2019/,6
/courses/professional-software-development/cost-and-funding/?mc_cid=93a9092e93&mc_eid=9d37622967,3
/blog/tag/alumni/,12
/blog/new-job-in-digital-codeclan/,47
/blog/no-tech-background-no-problem-8-career-changers-from-different-backgrounds/?mc_cid=93a9092e93&mc_eid=e7ac6db3f7,2
/blog/tag/python/,7
/data-analysis-announcement/?mc_cid=b8adbaa012&mc_eid=c39e345940,3
/blog/500-graduates-in-employment/?hss_channel=tw-121933132,8
/blog/how-i-discovered-code/?fbclid=IwAR2b-hq4AyaXrH5G9mZVAAC9uSX8z0QiqV9CGEuLcqrDO8FL6q6-hThtuVE,3
/blog/codeclan-finalist-in-scottish-financial-technology-awards/,36
/?fbclid=IwAR3CHdObWKs3rt2wdPome-aQmFKcF3U4t2yeRWJ2H1l_zI7RsSVcJrEzD3I,3
/?p=19898&preview=true,8
/courses/full-stack-web-development/apply-inverness/course_application_hie_1,59
/blog/9-websites-start-coding-journey/?mc_cid=6eb5122af8&mc_eid=62ef5dbe97,2
/store,3
/courses/intro-to-r/,1467
/courses/professional-software-development/apply/course_application_1,664
/courses/professional-software-development/?mc_cid=fd09f18f12&mc_eid=c200c86743,2
/scotland/,14
/blog/took-back-control-coding/,154
/events/info-taster-session-events/?mc_cid=0b5d0b7482&mc_eid=6f6734f9a3,3
/enquire/,1800
/inverness/?fbclid=IwAR1szx7rxVyDxyNkl_Szw5qxGJa-iaHLFTT54g1UW32N5Db4PNFTfL0xxWA,2
/inverness/?fbclid=IwAR2PUesPYgjK5TGaeGfe3R6sIiH1_k692zlG7_AEPa-Yf2OYOl2HN3_UGl4,2
/?fbclid=IwAR1A4TetFRGF1Sxv20ffYsCsCIdBaAvF4j2XOEHek1HmjsjeMlZr2dCMIyg,1
/careers-support/,4
/blog/category/events/,2
/?elementor-preview=15&ver=1558075627,1
/data-analysis-announcement/?mc_cid=b8adbaa012&mc_eid=00797c0c87,2
/courses/professional-software-development/cost-and-funding/?mc_cid=fd09f18f12&mc_eid=70e12e565e,3
/blog/meet-our-graduates-alex-junior-software-developer/?mc_cid=39d929350b&mc_eid=[UNIQID,12
/?fbclid=IwAR04Dtda2BWnT-PtHv-zVsAvdUKLmFYp_k9trbx5ZVZYr6KwZrOR1GrLv_I,1
/digital-careers/?fbclid=IwAR3gpL9EPc2VMhKeZ2gJXV0IpBLZowRGVd8MikYgfMavDzgEAhApyyboqOE,3
/blog/codeclan-highlands-gets-a-space-in-wasps/?fbclid=IwAR1PnqDcKPXntCyVmyB65OnPJl4yEVuLSUy-YgGCZC9I-CjGdxSHZA3AFgw,2
/courses/thank-you-for-joining-our-bespoke-course/,11
/?p=18469&preview=true,2
/?s=vicky,2
/blog/graduate-milestone-diversity/,20
/about-us/join-us/technical-writer-for-data/?fbclid=IwAR0eMP0vT08rDf3LDr2-p6Uc2885f_LJvsc5gm545LLrVLeN0_VdjTG0cP4,13
/blog/author/jonathan/page/5/,2
/blog/finding-creativity-through-code-meet-richard-product-manager-at-neu/?mc_cid=39d929350b&mc_eid=764bf46587,2
/about-us/join-us/technical-writer-for-data/?fbclid=IwAR0eMP0vT08rDf3LDr2-p6Uc2885f_LJvsc5gm545LLrVLeN0_VdjTG0cP4,14
/15668-2/,3
/?fbclid=IwAR08frfVROp5omKJA_oH1rVUHYNj5Xs2X3ezjTnGGoVegZU58yJnYZCZB5c,1
/?fbclid=IwAR1AdrsFFneIpCFlg5FOb60tT-DQZd_FDp-X0VBEsr2H87B5I4MF6dRhnO4,1
/blog/new-funding-opens-up-careers-in-coding/?fbclid=IwAR0ny6W8MRUxs2C9ApF6fY7SS18lDGwr1A2mS7ksBtF8dmNCwp0pclz3Ino,8
/blog/an-app-to-put-charity-shops-on-the-map/?fbclid=IwAR2jSPMf9xRdsypb0u8zntMO1t08ubWTSrlnRnrjiKqWInOleABT4HtdyoQ,2
/about-us/join-us/business-and-finance-operations-administrator/,76
/?s=Funding+options+,2
/digital-careers/software-developer/?fbclid=IwAR028rESaUgonr2PCY8R0NXb1ZzMwMyYzlV48k9fbIEaSXQRlxbXJRCmyWQ,2
/?fbclid=IwAR2pue5phwy2LaT4qkplGGeZCTiDesNUWuWSAYM4wHcVWscDxSAGSAddCb4,3
/kh,2
/courses/professional-software-development/cost-and-funding/?mc_cid=93a9092e93&mc_eid=84bbeb6ccc,7
/data-analysis-announcement/?mc_cid=b8adbaa012&mc_eid=b9acf89be0,5
/?fbclid=IwAR01qY-wR_viZORC59sI_FfLo0VCJAz6uVwRQ53H_PNJbhDkNmH-5O2pFVE,1
/inverness/?fbclid=IwAR3jQkBkZ5JE7d62L05ogWN5Zv0Z8gjL-q8Kjn332unnnCtQG5EqoJFweeE,2
/blog/category/data-analysis/,7
/events/info-taster-session-events/?preview_id=15742&preview_nonce=26571524ed&preview=true,7
/blog/getting-job-in-tech-tips/?fbclid=IwAR1aydLUPbrOnfCZcAAwJhTOQ6M-_wilTrbbgkJA-rB4YCSPTuH0UZ-0UeU,2
/courses/edaid-apply/,576
/courses/thank-you-for-joining-our-programming-with-r-course/,6
/courses/professional-software-development/cost-and-funding/,3334
/blog/experience-last-thing-need/,10
/blog/melindas-memo-july-2019/?mc_cid=2fb4f83e69&mc_eid=73c83eca1a,2
/blog/congratulations-cohort-e29-graduates/,188
/about-us/join-us/careers-service-assistant/?fbclid=IwAR3EAMe2X9ZJ2lS40w48ds28aovfJkelwykKhBrUwn9o3BVjwKqY-JtVTVU,2
/?mc_cid=669771da32&mc_eid=[UNIQID,12
/courses/full-stack-web-development/cost-and-funding/,743
/?p=21341&preview=true&_thumbnail_id=21343,3
/blog/finding-creativity-through-code-meet-richard-product-manager-at-neu/?fbclid=IwAR3gELz52sAcTgla8uCKHkgIzpQOsZtgSqt4WBaw7qRiUHs1jBFAP9lZNrA,2
/courses/edaid-apply/psd/course_application_1,5
/courses/professional-software-development/?mc_cid=fd09f18f12&mc_eid=e6887b462d,2
/blog/page/8/,21
/data-analysis-announcement/?mc_cid=b8adbaa012&mc_eid=01b96f9c31,2
/glasgow/?fbclid=IwAR3tHypG3jxrO5tehR4xUeNWnP2d9n0EZcyUkzmMDuej5-BsWwvatqkB4s0,2
/blog/scottish-companies-tech-gender-gap/,98
/?customize_changeset_uuid=4efe38bd-f58a-48cc-99a8-f4fb8a01f5ed&customize_theme=codeclan_v201&customize_messenger_channel=preview-0,1
/courses/agile-for-effective-teams/?fbclid=IwAR0Zxj9rqYk-y8vRGfVBMq3snrNfbA9HBdVvN2o7ffSclTyNJtM_D89iWAQ,2
/blog/kates-project-diary-an-android-food-tracking-app/,27
/events/glasgow/,1351
/inverness/?fbclid=IwAR2EQii-e76DUuIIZSbP5fNL8Sg6q1eCds8r0CiBCSKjsUKdpzoyJCTuwGo,2
/blog/data-science-r-programming/,30
/blog/new-funding-opens-up-careers-in-coding/?fbclid=IwAR1q5_i8rkqT_1xHKibG2axgCfDWSan4dgZLGQvQ8Mb-Z9c3dmjvJnkUvbE,2
/admissions-track-data/?elementor-preview=18536&ver=1554906058,2
/data-analysis-announcement/?mc_cid=b8adbaa012&mc_eid=4935973e23,2
/?fbclid=IwAR08frfVROp5omKJA_oH1rVUHYNj5Xs2X3ezjTnGGoVegZU58yJnYZCZB5c,1
/data-analysis-announcement/apply-for-data-analysis/?fbclid=IwAR0pcfuWM_vTgkKt9srockNwroPSBt5dSQPI3D9lg_bovL_ZAtVbGXsYwqk,2
/courses/full-stack-web-development/?mc_cid=fd09f18f12&mc_eid=88d498705d,3
/?fbclid=IwAR0rp3_7eEFd-UL5Vl9xrkkHgl5eSF8Ze4lh_1Yqe8cxWjTFzaqJgDwXk_o,1
/blog/good-news-for-the-next-gen-of-digital-as-grants-awarded-by-digital-xtra-fund/,134
/blog/finding-creativity-through-code-meet-richard-product-manager-at-neu/?mc_cid=39d929350b&mc_eid=39a0cc0ee0,2
/?elementor-preview=15&ver=1551527209,1
/courses/professional-software-development/cost-and-funding/?mc_cid=39d929350b&mc_eid=88e46d9b06,2
/digital-careers/?elementor-preview=18039&ver=1554994108,2
/blog/codeclan-highlands-gets-a-space-in-wasps/?fbclid=IwAR2RuLXMWh0lQPaHEioquZ5ZCrWkQ52o1Lcym7kGGqOuAojz3GU8VXBPtTE,4
/glasgow/?fbclid=IwAR0-TP6TnRWnO7e6WWsYuXVplyWSqoQld15LHXO0T7m793K_vOpHuDKQ-Z8,2
/?fbclid=IwAR0V3AxX8fu7fvQJW7OIWer2jCyxjsVma6PnSuiiLN6WhUvdgRMggv9sBpY,1
/blog/how-i-discovered-code/?fbclid=IwAR2b-hq4AyaXrH5G9mZVAAC9uSX8z0QiqV9CGEuLcqrDO8FL6q6-hThtuVE,3
/the-codeclan-experience/codeclans-culture/,2
/blog/meet-our-graduates-daniel-at-dog/,323
/inverness/?mc_cid=4f230ab388&mc_eid=6b4f005285,2
/blog/category/whats-new/,150
/courses/professional-software-development/cost-and-funding/?mc_cid=2371f5b213&mc_eid=5d5217ef38,2
/blog/overcoming-your-interview-fears/,60
/?elementor-preview=15&ver=1558297851,1
/blog/author/codeclan/,22
/courses/professional-software-development/cost-and-funding/?mc_cid=fd09f18f12&mc_eid=b52b1da4ac,2
/?page_id=18011&elementor-preview=18011&ver=1553449597,2
/data-analysis-announcement/?preview_id=16764&preview_nonce=15fe7f5163&preview=true,2
/courses/professional-software-development/cost-and-funding/?fbclid=IwAR3zM6VTwfTar_rAK3VNt_wdD9c2O5oKMcViv3REfodTuIQZm9AtBMocIQ8,2
/blog/day-life-software-developer/,53
/events/inverness-events/?mc_cid=4f230ab388&mc_eid=b160aa4411,18
/courses/full-stack-web-development/?fbclid=IwAR1SZr8QepobCMUd7E55WWSIXGbYM12AlaEaUy87_5Lb2h6hjaPwza6wvbM,2
/blog/codeclan-glasgow-employer-partners/,51
/?s=Python,2
/blog/category/careers-in-tech/,323
/blog/meet-our-graduates-alex-junior-software-developer/?mc_cid=39d929350b&mc_eid=c844305ffb,2
/inverness/?mc_cid=4f230ab388&mc_eid=372fc97a84,2
/blog/congratulations-cohort-e29-graduates/?fbclid=IwAR17NjG7PjRy2K6b50aeX4Ib5bnAXyJUvmbvSoRAQVhHNObTE2IsXNQ8Jn0,3
/blog/whats-on-at-codeclan-this-april/,36
/events/info-taster-session-events/?fbclid=IwAR1F83kOOPLHsZZ8Ichj9B9Frh8ZdLtgseYYK9keWetLycPP7AEuIWmOt7M,2
/?fbclid=IwAR08frfVROp5omKJA_oH1rVUHYNj5Xs2X3ezjTnGGoVegZU58yJnYZCZB5c,1
/for-employers/client-xperience/,297
/blog/congratulations-cohort-e29-graduates/,188
/blog/no-tech-background-no-problem-8-career-changers-from-different-backgrounds/?mc_cid=93a9092e93&mc_eid=f053a8cbc8,4
/blog/meet-our-graduates-daniel-at-dog/?mc_cid=0b5d0b7482&mc_eid=9055686d5f,2
/blog/towards-a-diverse-tech-industry-meet-vicky-junior-software-developer/?fbclid=IwAR1K9HsRuPvCZ2VCAENICg5fOyhrH0dGE8k7rFbtIyi72GKqI7TMEyMwxK8,3
/events/inverness-events/?mc_cid=4f230ab388&mc_eid=[UNIQID],2
/inverness-events/,24
/codeclan-store/light-blue-c-t-shirt/,9
/blog/suzanne-qa-engineer/,18
/courses/full-stack-web-development/?fbclid=IwAR1oSVZhucGlFMC43D7I6uI9YSs-FhtS6bBdxh4nOCLLSmb8VCETZ1B1ZKI,2
/courses/professional-software-development/apply/?mc_cid=b3adfbf029&mc_eid=6d9e2a0d62,2
/?elementor-preview=15&ver=1558075627,1
/data-analysis-announcement/?mc_cid=b8adbaa012&mc_eid=3e279c3ed1,2
/blog/meet-our-graduates-alex-junior-software-developer/?mc_cid=39d929350b&mc_eid=6aa7580b3c,2
/the-codeclan-experience/the-alumni/,917
/events/inverness-events/?mc_cid=4f230ab388&mc_eid=86349eb13f,2
/blog/page/19/,6
/blog/category/data-analysis/,7
/blog/page/4/,81
/blog/category/careers-in-tech/page/3/,25
/blog/category/employers/page/2/,30
/courses/agile-for-effective-teams/?fbclid=IwAR0Zxj9rqYk-y8vRGfVBMq3snrNfbA9HBdVvN2o7ffSclTyNJtM_D89iWAQ,2
/blog/congratulations-cohort-e29-graduates/?fbclid=IwAR17NjG7PjRy2K6b50aeX4Ib5bnAXyJUvmbvSoRAQVhHNObTE2IsXNQ8Jn0,3
/courses/short-ux-fundamentals-course/ux-fundamentals-payment/,2
/for-employers/hire-with-codeclan/,642
/?fbclid=IwAR0TXWXFdPRp-3Xh3wS7lU7TzMb6N7YdePVsyDy8H4zXT4bFzGnwAWzUfqs,1
/data-analysis-announcement/?fbclid=IwAR35NX90TUcJS69tm-5_8ojVM3-HSG0tq3I7IZbuKwe120x6G79GspbgMSE,2
/admissions-track/,1675
/?elementor-preview=15&ver=1558000720,1
/events/inverness/,8
/data-analysis-announcement/?mc_cid=b8adbaa012&mc_eid=fa586fdf3d,2
/courses/professional-software-development/?fbclid=IwAR2z9VMcGLefqNNUk6ql_dUDosHw8vByHCw0VWlnKisY0lv5PQsijhPzPcI,2
/blog/melindas-memo-august-2019/?mc_cid=ee6dba1b4b&mc_eid=a3855c41c8,3
/blog/melindas-memo-august-2019/,55
/blog/day-life-software-developer/,56
/edinburgh/?preview_nonce=2c62271e4e&preview=true,2
/?s=inoapps,2
/blog/how-i-discovered-code/?fbclid=IwAR2b-hq4AyaXrH5G9mZVAAC9uSX8z0QiqV9CGEuLcqrDO8FL6q6-hThtuVE,3
/courses/edaid-apply/?mc_cid=fd09f18f12&mc_eid=9f6afb26b0,2
/courses/short-ux-fundamentals-course/ux-fundamentals-payment/,2
/courses/full-stack-web-development/,5535
/courses/full-stack-web-development/apply-inverness/course_application_hie_2,52
/blog/free-courses-launched-techmums/,112
/?elementor-preview=15&ver=1558000690,1
/blog/codeclan-students-meet-employers-at-speed-networking-event/,75
/blog/author/jonathan/,28
/events/info-taster-session-events/?preview_id=15742&preview_nonce=26571524ed&preview=true,7
/digital-careers/product-owner/?fbclid=IwAR0c6e6efgAMT0XDA2HeE5tQlShFZANjtrPgjbFpa484uw3QAie_hgTUFqQ,2
/data-analysis-announcement/?mc_cid=b8adbaa012&mc_eid=8da2749711,2
/blog/data-science-r-programming/,32
/blog/congratulations-scottish-digital-tech-sector/,28
/blog/tag/coding/page/4/,4
/blog/codeclan-students-changed-career/,60
/?elementor-preview=15&ver=1558075818,1
/?fbclid=IwAR2FUpir-9NNcmdOcAgtse_8d5Y9XYMGan45baUwcgX8qi9hAHGGKHOZ6j4,2
/events/info-taster-session-events/?fbclid=IwAR339NKczktMSJLV911-XAHc8Ko_ZYC_VImXN1PXHYR3DByhIWXvWbV4XvM,3
/?s=Kirsten,2
/courses/professional-software-development/?fbclid=IwAR14LEaGZBbfX5aKVlxcGOyGOevUMfaP7OqOQSoIgkG6m1gJCm4uMDWx2KE,2
/data-analysis-announcement/cost-and-funding/?mc_cid=fd09f18f12&mc_eid=a29ad180b1,2
/edinburgh/?preview_nonce=2c62271e4e&preview=true,2
/?s=Funding+options+,2
/blog/author/lillian/page/2/,6
/?fbclid=IwAR0fHimaNobbwAsNyS7-HTVTe-Rvg5syjQaq9Bwb8jdhPaBsHsAu6PPm8LI,1
/courses/professional-software-development/?mc_cid=04e78ebf46&mc_eid=f29e5546d3,2
/blog/three-social-impact-initiatives-we-support-and-why-you-should-too/,62
/blog/author/rick/,2
/blog/new-funding-opens-up-careers-in-coding/?fbclid=IwAR2-g4KE0ReKEpTj_am3jXpOv5OTXxZp-s9TxtN7SfTTRa5FcmatSnbPlgI,2
/blog/meet-our-graduates-daniel-at-dog/?mc_cid=0b5d0b7482&mc_eid=40cd932ff0,2
/inverness/?fbclid=IwAR1HjOJDEKnOfSv0mNavP5QciHuZyfGNBNOypzHK6zFU6LNzLEu9dCCUodQ,2
/blog/page/15/,12
/courses/thank-you-for-joining-our-understanding-programming​-course/,5
/?fbclid=IwAR1mQqv5apmaPLkTrY2zAvhMiGjVLEgu8612QTlPQfw8GhRdtL7wgFTyWYM,1
/blog/meet-our-partners-inoapps/,42
/blog/codeclan-students-meet-employers-at-speed-networking-event/,75
/blog/meet-our-graduates-alex-junior-software-developer/?mc_cid=39d929350b&mc_eid=5eaf4e654c,4
/blog/peter-support-engineer-freeagent/,121
/blog/codeclan-students-meet-employers-at-speed-networking-event/,75
/events/info-taster-session-events/?preview_id=15742&preview_nonce=26571524ed&preview=true,7
/blog/welcome-to-our-commercial-director/,55
/courses/professional-software-development/application-and-dates/,2799
/blog/author/codeclan/page/2/,3
/blog/new-career-in-tech-autumn/,204
/courses/professional-software-development/course-cost-faqs/,51
/inverness/,2608
/blog/find-inspiration-kats-student-project/,7
/courses/professional-software-development/cost-and-funding/?mc_cid=2371f5b213&mc_eid=4f08481772,2
/data-analysis-announcement/?mc_cid=b8adbaa012&mc_eid=dee74d3930,2
/data-analysis-announcement/?mc_cid=b8adbaa012&mc_eid=6e299fb606,3
/digital-careers/product-owner/?fbclid=IwAR0c6e6efgAMT0XDA2HeE5tQlShFZANjtrPgjbFpa484uw3QAie_hgTUFqQ,2
/courses/?mc_cid=45d309ea09&mc_eid=e200d63a31,2
/courses/professional-software-development/apply/?mc_cid=b3adfbf029&mc_eid=6d9e2a0d62,2
/blog/leaving-oil-gas-for-a-career-in-tech-roberts-story/?fbclid=IwAR0uWnkDru2K2n66RA4E6dLEBdgCZB38Yq6_E2xBgy5y_TSG0k3IQxCDs5E,2
/courses/visualisation-r/,289
/digital-careers/product-owner/,260
/courses/full-stack-web-development/apply-inverness/course_application_hie_1,60
/blog/finding-creativity-through-code-meet-richard-product-manager-at-neu/?mc_cid=39d929350b&mc_eid=764bf46587,2
/about/,60
/courses/inverness/,540
/brand,4
/nikos,17
/blog/melindas-memo-july-2019/?mc_cid=2fb4f83e69&mc_eid=d9bfec8eaa,2
/blog/meet-our-grads-alex-self-published-game-developer/?fbclid=IwAR1Vg8n9jd4MPJPv6Ep0cCitd9rJwQtzeLIPwMwSTDORUvPdlupalnWOY1s,2
/inverness/?mc_cid=4f230ab388&mc_eid=[UNIQID],3
/?fbclid=IwAR1aECmdF9P_23wdEQcdjZAvM75EV9a4DovuoJXGvRDDrLsmuvdWVWvg6YM,1
/?p=17310&preview_nonce=97a52d8871&preview=true,14
/blog/page/18/,11
/pre,2
/digital-careers/?elementor-preview=18039&ver=1556268960,3
/blog/codeclan-second-anniversary/,7
/about-us/become-a-ta-data/,134
/data-analysis-announcement/?mc_cid=b8adbaa012&mc_eid=7c9d1b95d2,2
/data-analysis-announcement/?mc_cid=b8adbaa012&mc_eid=4b601ba1f9,2
/codeclan-store/ultra-thick-navy-blue-hoodie/,24
/inverness/?mc_cid=4f230ab388&mc_eid=471abb0397,2
/?fbclid=IwAR0KQOuUs1ttSZJ06uIODK3i0egood-wTcQrY_7ABlEUKhtu4HVnOr5sls4,1
/courses/professional-software-development/cost-and-funding/?mc_cid=fd09f18f12&mc_eid=4eae11a7d7,3
/data-analysis/cost-and-funding/,2
/blog/,2799
/blog/melindas-memo-august-2019/,55
/glasgow/?fbclid=IwAR3tHypG3jxrO5tehR4xUeNWnP2d9n0EZcyUkzmMDuej5-BsWwvatqkB4s0,2
/blog/7-celebrities-didnt-know-code/,1064
/courses/professional-software-development/?mc_cid=669771da32&mc_eid=e869f466a7,2
/blog/tag/coding/page/4/,4
/?elementor-preview=15&ver=1549022133,1
/for-employers/hire-with-codeclan/,845
/blog/meet-our-graduates-alex-junior-software-developer/?fbclid=IwAR1LvXN109bAgvf-spWdFb4KhjDzFj9YwMfkIGTZb57J_7MbLdfdPWsI9CU,2
/blog/claires-coding-journey-from-hobby-to-career/?mc_cid=04e78ebf46&mc_eid=c043f7714f,2
/blog/category/inspiring-stories/page/3/,38
/?p=18469&preview=true,2
/courses/?mc_cid=45d309ea09&mc_eid=e200d63a31,2
/blog/new-funding-opens-up-careers-in-coding/,448
